Timestamp,Email Address,Auditors Email Address,Counselor Email Id,TL E-mail Id,Team Type,Audit Date,Call Date,Duration of call (Min),Duration of call (Secs),Fatal or Warning,Lead Id,Fatal reason,"Detailed explanation, if any",Call recording link,Date of Fatal Email,Month
2/25/2026 11:07:40,sagar.sharma1@pw.live,sagar.sharma1@pw.live ,ayush.chaurasia@pw.live,ankit.dubey@pw.live,TC,2/19/2026,2/18/2026,12:08:00 PM,12:58:00 PM,Fatal,713354220,wrong fee explanation ,"fatal call - time stamp 6:25 to 7:00 counselor provided incorrect fee structure information for the Noida Extension center. The counselor stated that the fee for Class 9 is ₹69,987, but the actual fee is ₹72,367. The counselor needs to cross-check the fee structure before explaining it to students.",https://drive.google.com/file/d/1qSwyxbTXBREQXlk5Ys833qZRUy8L2Isj/view,21/02/2026,February
2/25/2026 12:58:24,anjali.rathore2@pw.live,anjali.rathore2@pw.live,durgesh.saini@pw.live,amit.dubey1@pw.live,OB,2/25/2026,2/20/2026,9:00:00 AM,12:32:00 AM,Warning,717277321,blank call,"cs confirmed basic details, call is blank after 8mins",https://in21.leadsquared.com/OpportunityManagement/OpportunityDetails?opportunityId=be07a91b-5a6d-4f8e-a5a9-90f67ef2d933&opportunityEvent=12000,25th feb,February
3/2/2026 23:19:23,rajitha.musturu@pw.live,rajitha.musturu@pw.live,smita.kambale@pw.live,aswathy.nair@pw.live,OB,3/2/2026,2/25/2026,6:00:00 AM,12:27:00 AM,Fatal,551334662,Blank Call,"There is no Conversation for the entire call in the duration of 6 mins 27 secs. AC just said Hello in between and didn't disconnect the call for a Long time, even though there was no response from the Student's side and there is no Call back after disconnection.",551334662,02/03/2026,March
3/10/2026 17:51:23,aleena.qudeer@pw.live,aleena.qudeer@pw.live,aman.shrivastava2@pw.live,alok.sharma@pw.live,OB,3/6/2026,2/28/2026,12:08:00 AM,5:05:00 AM,Fatal,99875413,Blank call,"here the customer clearly requested a call back. However, the call remained connected for five minutes; it was silent with no conversation and the disposition was marked as Hung Up. This is incorrect.",https://in21.leadsquared.com/OpportunityManagement/OpportunityDetails?opportunityId=26ed8d52-1b92-4220-aae8-72df7f659e40&opportunityEvent=12000,6 march,March
3/10/2026 17:52:43,mooktesh.srivastava@pw.live,mooktesh.srivastava@pw.live,kratika.umrao@pw.live,pravin.yadav@pw.live,IB,2/5/2026,2/2/2026,11:00:00 AM,12:42:00 PM,Fatal,523311652,wrong fee explanation ,"Class 12 JEE student was interested in the Vijayawada center. The counsellor incorrectly pitched the fee as ₹1,14,999 and ₹97,852 after a 30% discount, whereas the correct fee is ₹1,35,699 and ₹1,15,466 after a 30% discount",https://drive.google.com/file/d/1w9IbhJywsnbJl6uDc_FvI9gzfvUhnW1x/view?usp=sharing,05/02/26,February
3/10/2026 17:53:11,poonam.bongale@pw.live,poonam.bongale@pw.live,subham.sinha@pw.live,rishabh.raj1@pw.live,OB,2/2/2026,1/31/2026,7:55:00 AM,12:35:00 PM,Fatal,530452186,Wrong info, Counsellor mentioned that we have a tie up with hostels,https://in21.leadsquared.com/OpportunityManagement/OpportunityDetails?opportunityId=4c5b6054-abc5-4859-ad67-a5f43a1067b2&opportunityEvent=12000,02/04/2026,February
3/10/2026 17:53:10,aleena.qudeer@pw.live,aleena.qudeer@pw.live,aman.shrivastava2@pw.live,alok.sharma@pw.live,OB,3/6/2026,2/28/2026,12:06:00 AM,12:55:00 AM,Fatal,436130667,BLANK CALL,"he student clearly mentioned being busy and asked for a callback later. However, the call didn't disconnect and remained silent for around 4 minutes. Additionally, your tone with the student at the end of the call was inappropriate and As soon as the student mentioned that he only required a test series the call was disconnected and the disposition was incorrectly marked as Hung Up which is also incorrect.",https://in21.leadsquared.com/OpportunityManagement/OpportunityDetails?opportunityId=02817361-58dd-4ccb-89f4-bca59b916cf2&opportunityEvent=12000,6 march,March
3/10/2026 17:55:23,arti.chandel@pw.live,arti.chandel@pw.live,kumari.deepshikha@pw.live,pooja.pandey1@pw.live,IB,2/7/2026,2/6/2026,12:06:00 PM,12:23:00 PM,Warning,470182634,NA,"As this was the VP call and no probing have been done in the call , academic offerings as well as additional offerings have not been pitched in the call and no urgency creation in the and no proper closing in the call ",https://drive.google.com/file/d/149J95BHozO5Xqyn2FJYOzb7wd2dyLbJW/view?usp=sharing,13-02-2026,February
3/10/2026 17:55:40,aleena.qudeer@pw.live,aleena.qudeer@pw.live,aman.shrivastava2@pw.live,alok.sharma@pw.live,OB,3/10/2026,2/28/2026,12:28:00 AM,12:26:00 AM,Fatal,5138079,wrong fees,"fter applying a 30% discount, the fee was supposed to be 21,617.40, but the counsellor quoted 180,000, which is absolutely wrong. ",https://in21.leadsquared.com/OpportunityManagement/OpportunityDetails?opportunityId=2871cbe7-4a86-4cfa-9889-d11e9fadd7e4&opportunityEvent=12000,10 march ,March
3/10/2026 17:55:57,poonam.bongale@pw.live,poonam.bongale@pw.live,poonam.yadav2@pw.live,rishabh.raj1@pw.live,OB,2/2/2026,2/1/2026,12:24:00 AM,12:07:00 PM,Fatal,684209193,Wrong info,Pitched Infinite practice to foundation student,https://in21.leadsquared.com/OpportunityManagement/OpportunityDetails?opportunityId=e7e6d22c-963a-4970-bc0d-e7f45b656b8f&opportunityEvent=12000,02/05/2026,February
3/10/2026 17:59:25,rohit.oad@pw.live,rohit.oad@pw.live,nikhat.parween2@fivesdigital.com,shikha.chouhan@pw.live,IB,3/5/2026,3/3/2026,8:00:00 AM,12:00:00 PM,Warning,https://in21.leadsquared.com/OpportunityManagement/OpportunityDetails?opportunityId=be681db0-d42a-4827-bd48-2fdee846cdbe&opportunityEvent=12000,Warning Regarding Lack of Urgency Creation & Improper Follow-up Marking – Call Dated 3rd March,"During the call evaluation, it was found that no effective urgency was created or even attempted to be created, despite the lead being a potential admission case. In such scenarios, it is expected that the counselor clearly communicates factors like limited seats, batch availability, scholarship validity, or admission timelines to encourage timely decision-making. However, none of these urgency-building approaches were used during the conversation.

Additionally, a follow-up was marked for 20th March without taking any confirmation from the parent on the call. Marking follow-ups without discussing or confirming the same with the prospect reflects poor call handling and lack of ownership towards lead conversion.",https://in21.leadsquared.com/OpportunityManagement/OpportunityDetails?opportunityId=be681db0-d42a-4827-bd48-2fdee846cdbe&opportunityEvent=12000,06/03/2025,March
3/10/2026 18:01:47,aleena.qudeer@pw.live,aleena.qudeer@pw.live,shubhanshu.tiwari@pw.live,aman.chopra@pw.live,OB,2/9/2026,3/7/2026,12:14:00 AM,12:06:00 AM,Fatal,326421,wrong fees ,wrong fees was pitched ,NA,9 feb,February
3/23/2026 11:06:53,anjali.rathore2@pw.live,anjali.rathore2@pw.live,  swati.kumari2@pw.live,amit.dubey1@pw.live,OB,3/23/2026,3/20/2026,7:00:00 AM,12:04:00 AM,Warning,529041934,entire call is blank,call was blank,https://in21.leadsquared.com/OpportunityManagement/OpportunityDetails?opportunityId=862f8a38-2b0b-4eb8-b09f-e7c9a995c1b0&opportunityEvent=12000,23rd march,March
3/25/2026 11:32:38,sagar.sharma1@pw.live,sagar.sharma1@pw.live,tanbir.ansari@pw.live,mohit.kumar3@pw.live,TC,3/23/2026,3/20/2026,1:00:00 PM,12:29:00 PM,Fatal,128721834,incorrect fee explanation ,"Counselor provided incorrect fee information to the parents. The counselor stated that the one-year fee for Kolkata New Town is ₹158,200, whereas this amount is actually for a two-year program. The actual one-year fee is ₹83,500. 
Counselor should cross-check the information before sharing it with parents to ensure that no incorrect information is communicated to parents or students from our side.",https://drive.google.com/file/d/1x19cd4ZbVT7AaQLJhP1J8f4CTJaduvfs/view,3/25/2026,March
3/25/2026 12:40:41,sagar.sharma1@pw.live,sagar.sharma1@pw.live,prateeksha.mishra@pw.live,mohit.kumar3@pw.live,TC,3/23/2026,3/21/2026,2:00:00 PM,12:29:00 PM,Fatal,99775082,incorrect information that was shared during,"Fatal Call Observation (Timestamp 10:10–12:00):
Counselor provided incorrect information to the parents. The parents were interested in admission in Patna and inquired about hostel facilities. However, the counselor guided the",https://drive.google.com/file/d/1LCrFyKP-NSVu39NNsw8y2COr1C78emfQ/view,3/25/2026,March
3/26/2026 12:58:44,aleena.qudeer@pw.live,aleena.qudeer@pw.live,aman.shrivastava2@pw.live,alok.sharma@pw.live,OB,3/25/2026,3/20/2026,4:00:00 AM,4:03:00 AM,Warning,347221501," A Class 12 NEET student interested in joining the Kota VP Hindi batch found the fees to be high. Although a 35% discount was initially communicated, the actual discount available for the Hindi batch at Kota VP is 30%."," A Class 12 NEET student interested in joining the Kota VP Hindi batch found the fees to be high. Although a 35% discount was initially communicated, the actual discount available for the Hindi batch at Kota VP is 30%.",https://in21.leadsquared.com/OpportunityManagement/OpportunityDetails?opportunityId=b22a7be6-75b9-45d4-bdc3-2404409cc800&opportunityEvent=12000,26/03/2026,March
3/26/2026 13:00:33,aleena.qudeer@pw.live,aleena.qudeer@pw.live,aman.shrivastava2@pw.live,alok.sharma@pw.live,OB,3/25/2026,3/20/2026,12:01:00 AM,12:48:00 AM,Fatal,653780634,rude behaviour ,"The parent was quite irritated as he had been receiving multiple calls from PW. He had already requested during a previous call not to be contacted again, but when he received another call, he became upset and firmly asked not to be called in the future. In response, the counsellor suggested deleting the PW app as a way to stop further calls.",https://in21.leadsquared.com/OpportunityManagement/OpportunityDetails?opportunityId=ba430ef0-63a0-4319-9de5-f8ae9bb388af&opportunityEvent=12000,26/3/2026,March
3/30/2026 9:23:08,yogendra.goswami@pw.live,yogendra.goswami@pw.live,laxmi.kant@pw.live,anshuman.dubey@pw.live,OB,3/28/2026,3/26/2026,8:00:00 AM,9:00:00 PM,Fatal,798736235,incorrect discount details. shared ,"Counselor shared incorrect discount details. Mentioned 40% at Indore, but the correct current discount is 35%.",https://drive.google.com/file/d/1B3cz8i3_Ar6QlRJiGXfuncjUlHnMwBPy/view?usp=sharing,28 /03/2026,March
3/30/2026 10:32:09,yogendra.goswami@pw.live,yogendra.goswami@pw.live,akshay.yaduwanshi@pw.live,anurag.kumar7@pw.live,OB,3/7/2026,3/7/2026,12:05:00 AM,12:33:00 AM,Warning,634503801,blank call,blank call,https://drive.google.com/file/d/1QbeMP3GrpfkFVnX9BjS2P6kV2cdiOIqM/view?usp=sharing,10/03/2026,March
3/30/2026 16:27:15,aleena.qudeer@pw.live,aleena.qudeer@pw.live,aman.shrivastava2@pw.live,alok.sharma@pw.live,OB,3/30/2026,3/29/2026,12:09:00 AM,5:00:00 AM,Fatal,794657185,The batch was supposed to start on 6th april but you mentioned 30th march,The batch was supposed to start on 6th april but you mentioned 30th march,https://in21.leadsquared.com/OpportunityManagement/OpportunityDetails?opportunityId=c426240f-a922-4cb4-91f0-63a9841fec20&opportunityEvent=12000,30/3/2026,March
3/31/2026 14:36:35,aleena.qudeer@pw.live,aleena.qudeer@pw.live,aman.shrivastava2@pw.live,alok.sharma@pw.live,OB,3/31/2026,3/27/2026,12:08:00 AM,5:02:00 AM,Fatal,115860115,father asked about the SAT but counsellor denied he said we dont have any scholarship test now but call was taken on 27th and SAT was live that time,father asked about the SAT but counsellor denied he said we dont have any scholarship test now but call was taken on 27th and SAT was live that time,https://in21.leadsquared.com/OpportunityManagement/OpportunityDetails?opportunityId=9639b623-3802-428e-bdfc-8ab8acc6b562&opportunityEvent=12000,31/3/2026,March
4/3/2026 12:29:05,damini.shrivastava@pw.live,damini.shrivastava@pw.live,aman.prajapati@pw.live,asif.khan1@pw.live,OB,3/18/2026,3/16/2026,6:00:00 AM,12:36:00 AM,Fatal,472293533,ncorrect information was shared during the call that we do provide Infinite Practice sessions for foundation classes,NA,https://in21.leadsquared.com/OpportunityManagement/OpportunityDetails?opportunityId=cf13b3be-6c35-4277-9801-06e7c2a7b91f&opportunityEvent=12000,18th March,March
4/10/2026 14:03:25,yogendra.goswami@pw.live,yogendra.goswami@pw.live,anas.quadri1@pw.live,anshuman.dubey@pw.live,OB,4/9/2026,3/18/2026,12:01:00 AM,12:30:00 AM,Fatal,473940271,rude call,"t was observed that the call was handled in a rude manner, and the counselor’s behavior towards the student was not appropriate",https://drive.google.com/file/d/1e_wHhLkt6vU3PsMG57tbG8pAKNEZUtDZ/view?usp=sharing,09/04/2026,April
4/10/2026 17:55:54,tushar.tanpure@pw.live,tushar.tanpure@pw.live,pallavi.jain1@pw.live,arvind.rana@pw.live,OB,4/3/2026,3/31/2026,7:07:00 AM,7:07:00 AM,Fatal,813197229,Blank call..,The call was blank no conversation was there between student and counsellor,https://drive.google.com/file/d/1UbgxJ7gcScdw5uG0rOZwc4r5hX8X37Es/view?usp=drive_link,04/03/2026,April
4/17/2026 17:32:11,shivani.anand@pw.live,shivani.anand@pw.live,mradula.verma@pw.live,shikha.chouhan@pw.live,IB,4/17/2026,4/16/2026,12:19:00 AM,12:02:00 AM,Fatal,"646335913, 835364415, 863440111",blank call ,"Dead air for ~5 minutes., Majority of the call duration was dead air., 6 minutes of blank call duration with no resolution provided.","https://mail.google.com/mail/u/0?ui=2&ik=d855527cb4&attid=0.1&permmsgid=msg-a:r-7717813402035825732&th=19d9b46b5054d495&view=att&disp=safe&realattid=f_mo2uhc0t0&zw ,https://mail.google.com/mail/u/0?ui=2&ik=d855527cb4&attid=0.2&permmsgid=msg-a:r-7717813402035825732&th=19d9b46b5054d495&view=att&disp=safe&realattid=f_mo2uhc1k2&zw, https://mail.google.com/mail/u/0?ui=2&ik=d855527cb4&attid=0.3&permmsgid=msg-a:r-7717813402035825732&th=19d9b46b5054d495&view=att&disp=safe&realattid=f_mo2uhc1a1&zw  ",17/04/2026,April
4/21/2026 10:08:34,rohit.oad@pw.live,rohit.oad@pw.live,pooja.kumari4@pw.live,pravin.yadav@pw.live,IB,4/21/2026,4/20/2026,12:07:00 AM,12:51:00 AM,Fatal,867896970,Wrong Installment,"It has been identified that while pitching the fee structure for the Dropper One-Year Course, you informed the student that the second installment can be paid within “one and a half months.” This is incorrect. As per the official policy, the second installment must be paid strictly within 42 days.",https://mail.google.com/mail/u/2?ui=2&ik=6d8aa98240&attid=0.1&permmsgid=msg-a:r-2074354937689805644&th=19dae4cd59639229&view=att&disp=safe&realattid=f_mo846bdj0&zw,21/04/2026,April
4/21/2026 12:51:54,anjali.rathore2@pw.live,anjali.rathore2@pw.live,pronnati.gupta@pw.live,amit.dubey1@pw.live,OB,4/21/2026,4/17/2026,11:00:00 AM,12:30:00 AM,Fatal,861569814,call is blank for more than 1.5 min,call is blank,https://in21.leadsquared.com/OpportunityManagement/OpportunityDetails?opportunityId=34c75f83-c383-4675-b8dc-987a3d0e9d96&opportunityEvent=12000,21st april,April
4/21/2026 16:03:55,arti.chandel@pw.live,arti.chandel@pw.live,kanchan.tyagi@pw.live,manthan.kalra@pw.live,IB,4/21/2026,4/19/2026,10:00:00 AM,12:38:00 AM,Warning,872287187,Installments time duration pitched wrong in the call ,counselor pitched we can pay 2nd installments after 42 days,https://drive.google.com/file/d/1zLfI9DBr7AK4ceT9feDMaixyrS2BzKLG/view?usp=sharing,21-04-2026,April
4/23/2026 10:54:39,devashree.bartaria@pw.live,devashree.bartaria@pw.live,shubhanshu.tiwari@pw.live,aman.chopra@pw.live,OB,2/9/2026,2/7/2026,2:00:00 PM,12:28:00 AM,Fatal,27240762,"The counselor pitched an incorrect details about the center to the student,even though Sirsa is Vidyapeeth -Pathshala center the counselor pitched it as completely offline Vidyapeeth center along with all the offerings & benefits, which is wrong information.","The counselor pitched an incorrect details about the center to the student,even though Sirsa is Vidyapeeth -Pathshala center the counselor pitched it as completely offline Vidyapeeth center along with all the offerings & benefits, which is wrong information.",https://in21.leadsquared.com/OpportunityManagement/OpportunityDetails?opportunityId=696a3969-6273-41f4-9955-016a62ad733a&opportunityEvent=12000,"Feb 11, 2026",February
4/23/2026 10:59:36,devashree.bartaria@pw.live,devashree.bartaria@pw.live,aditya.baranwal@pw.live,bhawna.tomar@pw.live,OB,4/1/2026,3/31/2026,11:00:00 AM,12:48:00 AM,Warning,781822717,"The counselor provided incorrect details about the center to the student. When asked about the frequently changing faculty at the Kota center, the counselor claimed that the Kota center was previously a Pathshala (Hybrid model) & only converted to Vidyapeeth (offline) this year. This information is wrong, as Kota Vidyapeeth has been an offline center from day one & was never a Hybrid model.","The counselor provided incorrect details about the center to the student. When asked about the frequently changing faculty at the Kota center, the counselor claimed that the Kota center was previously a Pathshala (Hybrid model) & only converted to Vidyapeeth (offline) this year. This information is wrong, as Kota Vidyapeeth has been an offline center from day one & was never a Hybrid model.
",https://in21.leadsquared.com/OpportunityManagement/OpportunityDetails?opportunityId=bfca5712-228a-11f1-bd0a-06c61fda35fd&opportunityEvent=12000,"Apr 2, 2026",April
4/27/2026 18:25:59,devashree.bartaria@pw.live,devashree.bartaria@pw.live,anil.kumar16@pw.live,bhawna.tomar@pw.live,OB,4/15/2026,4/14/2026,9:00:00 AM,12:22:00 AM,Warning,5493214,The counselor provided incorrect details about the number of days classes are conducted for the 9th foundation.Although during the feedback sessions it was clearly conveyed that foundation classes are held 3-4 days a week the counselor incorrectly stated they are held 4-5 days a week.,The counselor provided incorrect details about the number of days classes are conducted for the 9th foundation.Although during the feedback sessions it was clearly conveyed that foundation classes are held 3-4 days a week the counselor incorrectly stated they are held 4-5 days a week.,https://in21.leadsquared.com/OpportunityManagement/OpportunityDetails?opportunityId=21443ec4-e327-405f-9b3e-21857bbd1832&opportunityEvent=12000, 15 April,April
4/27/2026 18:28:35,devashree.bartaria@pw.live,devashree.bartaria@pw.live,Pooja.parashar@pw.live,anurag.kumar7@pw.live,OB,4/20/2026,4/18/2026,12:00:00 AM,12:07:00 AM,Fatal,41513455,"The counselor provided incorrect details regarding the timings for doubt support at the center. The correct timings for doubt support at VP centers are 10 am to 6 pm but the counselor pitched 8 am to 6 pm, which is wrong information.","The counselor provided incorrect details regarding the timings for doubt support at the center. The correct timings for doubt support at VP centers are 10 am to 6 pm but the counselor pitched 8 am to 6 pm, which is wrong information.",https://in21.leadsquared.com/OpportunityManagement/OpportunityDetails?opportunityId=9beec84b-a9dc-41c2-ba67-e87402020e9c&opportunityEvent=12000,"Apr 21, 2026",April
4/27/2026 18:31:03,devashree.bartaria@pw.live,devashree.bartaria@pw.live,vishal.singh14@pw.live,anurag.kumar7@pw.live,OB,4/20/2026,4/18/2026,10:00:00 AM,12:18:00 AM,Fatal,867281038,"The counselor provided incorrect details about the ICSE board batches for Class 8. Even though no batches were available for the Class 8 ICSE board at Kanpur VP the counselor didn't check the details properly & presented all the information including the fee structure to the parent without confirming batch availability, which may lead to confusion & miscommunication.","The counselor provided incorrect details about the ICSE board batches for Class 8. Even though no batches were available for the Class 8 ICSE board at Kanpur VP the counselor didn't check the details properly & presented all the information including the fee structure to the parent without confirming batch availability, which may lead to confusion & miscommunication.
",https://in21.leadsquared.com/OpportunityManagement/OpportunityDetails?opportunityId=ed1db540-747c-4940-864f-458375dec090&opportunityEvent=12000," Apr 21, 2026,",April
4/27/2026 18:33:34,devashree.bartaria@pw.live,devashree.bartaria@pw.live,shoaib.khan1@pw.live,bhawna.tomar@pw.live,OB,4/21/2026,4/20/2026,7:00:00 AM,12:10:00 AM,Fatal,16486991,blank call,"Upon reviewing the 7-minute, 10-second recording showed the line remained active with complete silence (Dead Air) for the entire duration. No verbal attempts were made to engage the customer, nor was the standard ""No Response"" protocol followed to disconnect the call.
Maintaining an active blank line for 7 minutes constitutes Call Avoidance and a gross violation of our Quality SOP. ",https://in21.leadsquared.com/OpportunityManagement/OpportunityDetails?opportunityId=33425dfc-c7ea-4413-987f-a051eeb78d3e&opportunityEvent=12000,"Apr 22, 2026,",April
4/27/2026 18:37:55,devashree.bartaria@pw.live,devashree.bartaria@pw.live,mohd.raeesh@pw.live,bhawna.tomar@pw.live,OB,4/27/2026,4/25/2026,1:00:00 PM,12:47:00 AM,Fatal,889334787," The counselor provided incorrect details about the ICSE board batches for Class 9. Even though no batches were available for the Class 9 ICSE board at Ghaziabad VP the counselor didn't check the details properly & presented all the information  to the student including the batch date & seat availability without confirming batch availability. Additionally, the counselor pitched infinite practice sessions to the student even though we do not offer this benefit to foundation classes."," The counselor provided incorrect details about the ICSE board batches for Class 9. Even though no batches were available for the Class 9 ICSE board at Ghaziabad VP the counselor didn't check the details properly & presented all the information  to the student including the batch date & seat availability without confirming batch availability. Additionally, the counselor pitched infinite practice sessions to the student even though we do not offer this benefit to foundation classes.",https://in21.leadsquared.com/OpportunityManagement/OpportunityDetails?opportunityId=cfc592fe-7d0d-4a88-873f-941c50364c27&opportunityEvent=12000,27 April,April
5/1/2026 9:50:11,anjali.rathore2@pw.live,anjali.rathore2@pw.live,pronnati.gupta@pw.live,amit.dubey1@pw.live,OB,4/30/2026,4/19/2026,7:00:00 AM,12:22:00 AM,Warning,840803789,informed approx fees,AC informed approx fees and call was on hold for more than 2 mins,https://physicswallah.convin.ai/call/584626/stats,30th april,April
5/4/2026 17:11:22,poonam.bongale@pw.live,poonam.bongale@pw.live,mahima.singh1@pw.live,burhan.rouf@pw.live,OB,5/3/2026,5/1/2026,5:44:00 PM,6:12:00 AM,Fatal,39401681,Blank call,Deliberately extended call to increase TT,https://in21.leadsquared.com/OpportunityManagement/OpportunityDetails?opportunityId=b06f7d70-597f-42a7-9f6e-1a954156f8f7&opportunityEvent=12000,"April 07, 2026",May
5/4/2026 17:16:00,poonam.bongale@pw.live,poonam.bongale@pw.live,aman.bhatnagar@pw.live,burhan.rouf@pw.live,OB,4/4/2026,3/11/2026,3:28:00 AM,3:28:00 AM,Fatal,690850674,Blank call,Deliberate attempt to increase TT,https://in21.leadsquared.com/OpportunityManagement/OpportunityDetails?opportunityId=bec287b0-eb7a-4664-a421-a554913b8372&opportunityEvent=12000,"April 07, 2026",April
5/4/2026 17:19:12,poonam.bongale@pw.live,poonam.bongale@pw.live,prameek.singh@pw.live,burhan.rouf@pw.live,OB,4/14/2026,4/13/2026,9:12:00 AM,9:12:00 AM,Fatal,5208335,Wrong info,Mentioned that we have tie up with schools,https://in21.leadsquared.com/OpportunityManagement/OpportunityDetails?opportunityId=556b7ceb-5f5a-48a4-82e0-3f2a6ed51a06&opportunityEvent=12000,"April 07, 2026",April
5/6/2026 19:00:43,devashree.bartaria@pw.live,devashree.bartaria@pw.live,gaurav.singh9@pw.live,anurag.kumar7@pw.live,OB,5/6/2026,5/5/2026,12:00:00 PM,12:20:00 PM,Fatal,281582468,rude behaviour,":It was observed that you were notably rude and impatient with the parent during the call. When they asked several questions, you responded by stating that you wouldn't be able to provide any information if they continued to speak in that manner. Such defensive and unprofessional behavior is not expected from an Academic Counselor, especially when a parent is genuinely interested in admission.Our priority is to ensure every parent feels heard and respected.
Furthermore, you provided incorrect details regarding the scholarship. You informed the parent that the scholarship applies to the total fees, whereas it is strictly applicable only to the tuition fees. 
Please ensure you double-check all financial policies before communicating them to avoid misleading prospective parents.",https://drive.google.com/file/d/1azUIFuGHbzVHStBGOvnV6whZoXVAQVyO/view?usp=drive_link,6 may 2026,May
5/7/2026 16:20:09,kritika.singh1@pw.live,kritika.singh1@pw.live,asis.dash@pw.live,kreti.mehrotra@pw.live,OB PS,4/7/2026,3/28/2026,10:00:00 AM,5:00:00 AM,Fatal,806481162,Incorrect information,"The counselor provided incorrect information. First, we falsely stated that we are affiliated with Dummy Schools, and second, when parents asked about lunch facilities, the counselor replied that we do provide them. This is also incorrect, as we do not offer any such support. 
",https://drive.google.com/file/d/1LlZrWAK68dSbJXv30uN23QYofhSNS0XY/view?usp=sharing,7-04-2026,April
5/14/2026 12:04:49,anjali.rathore2@pw.live,anjali.rathore2@pw.live,himanshi-dhidharia.pw.defence@futworkcallers.com,mohit.kumar3@pw.live,OB,5/14/2026,5/12/2026,7:00:00 AM,8:00:00 PM,Warning,8107731384,AC informed  incorrect fees,AC informed  incorrect fees,8107731384,14th may,May
5/14/2026 17:04:14,devashree.bartaria@pw.live,devashree.bartaria@pw.live,aditya.baranwal@pw.live,bhawna.tomar@pw.live,OB,5/13/2026,5/12/2026,10:00:00 AM,12:47:00 AM,Fatal,937181212,incorrect info,"The counselor provided incorrect details about test schedules at VP to the guardian. The counselor stated that tests are conducted daily and AITS is conducted every 45 days which is incorrect. Tests are not conducted daily & the AITS starts in October, not at the beginning of the batch. This information is incorrect and may lead to confusion & miscommunication.",https://in21.leadsquared.com/OpportunityManagement/OpportunityDetails?opportunityId=2b20178e-7be3-4168-9909-7a9d44644fa3&opportunityEvent=12000,14 May 2026,May
5/15/2026 11:57:49,manisha.singh@pw.live,manisha.singh@pw.live,mansha.bhat@pw.live,mohit.kumar3@pw.live,OB,5/15/2026,5/12/2026,12:26:00 PM,12:26:00 PM,Fatal,https://nq9r8704dw.in7.nopaperforms.io/counsellors/user-profile/1cec040027bf167eb3951c05393a8a7e0b8feb7de8e5facb4fd026ec5d3d7f2b,informed wrong fees,"Defence :  pitched wrong fees , Actual fee - 158500 
130330.... Pitch wrong fee after discount ❌ 
129970- correct fee after discount",9512557354,15/05/2026,May
5/16/2026 10:44:18,anjali.rathore2@pw.live,anjali.rathore2@pw.live,alisha-khatoon.pw.defence@futworkcallers.com,mohit.kumar3@pw.live,DW,5/16/2026,5/15/2026,9:00:00 AM,1:00:00 PM,Fatal,9725698657,call was disconnected - blank,call was blank for more than 2 mins,9725698657,16th may,May
5/18/2026 12:12:34,manisha.singh@pw.live,7323092968,Somy.chawada@pw.live,mohit.kumar3@pw.live,OB,5/18/2026,5/16/2026,8:10:00 PM,8:10:00 PM,Fatal,https://nq9r8704dw.in7.nopaperforms.io/counsellors/user-profile/1cec040027bf167eb3951c05393a8a7ea7edc3366b6cca1a39b797096ae0ed2c,Blank call,Blank Call,7323092968,18/05/2026,May
5/19/2026 11:16:26,anjali.rathore2@pw.live,anjali.rathore2@pw.live,hussain.pw.defence@futworkcallers.com,mohit.kumar3@pw.live,DW,5/19/2026,5/18/2026,9:00:00 AM,12:02:00 AM,Fatal,8077851386,the entire call blank,the entire call is blank,8077851386 9754360725 9202151355,19th may,May
5/20/2026 12:21:39,abhinav.rai1@pw.live,abhinav.rai1@pw.live,pooja.saini1@pw.live,nandini.agarwal@pw.live,IB PS,5/6/2026,5/4/2026,7:00:00 AM,12:31:00 AM,Fatal,914482544,Wrong information,"Quoted wrong fees at 3 min 28 sec into the call, as for Dropper NEET Sonipat PS center fees is 81,200 but she quoted 75,700, then after a 40% discount the fees is 65,400 but she quoted 61,000, so this is wrong information and is being considered as fatal",https://drive.google.com/file/d/1cdq5RAhvEoow4CeNw7t3MKPZY2N0K7Ee/view?usp=sharing,"May 6, 2026",May
5/20/2026 12:27:06,abhinav.rai1@pw.live,abhinav.rai1@pw.live,parsenjeet.das@pw.live,nandini.agarwal@pw.live,IB PS,5/18/2026,5/17/2026,10:00:00 AM,12:15:00 AM,Fatal,922082139,Wrong information,"At 8 min 05 sec into the call, the AC pitched a discount based on the student’s board result. The student scored 92.6% in the Karnataka State Board Class 12th exam, so as per the data, the student is eligible for a 50% discount. However, the AC pitched a 75% discount, which is incorrect information and is being considered a fatal error.",https://drive.google.com/file/d/1-m_qQGZb5fxYrNLuisQoQaGfZxSuX__0/view?usp=sharing,"May 18, 2026",May
5/20/2026 12:33:09,abhinav.rai1@pw.live,abhinav.rai1@pw.live,charul.purohit@pw.live,nandini.agarwal@pw.live,IB PS,5/19/2026,5/18/2026,9:00:00 AM,12:27:00 AM,Warning,952273310,Wrong information ,"At 5 minutes and 15 seconds into the call, you quoted the wrong fees for the Class 9th Hubli center after checking the counselor dashboard. The dashboard showed fees of 45,661, while the actual fees per ERP are 53,700. However, the issue also appears related to a technical glitch on the portal, so for now it is being considered only as a warning.",https://drive.google.com/file/d/1MkV59T92OeLB8-WK3jkIVZwEUnDekB6K/view?usp=sharing,"May 19, 2026",May
5/20/2026 19:02:01,riya.2@pw.live,riya.2@pw.live,utsav.kumar1@pw.live,purvish.joshi@pw.live,OB PS,5/20/2026,5/19/2026,8:00:00 AM,12:28:00 AM,Fatal,928379125,Incorrect Information,"Counselor pitched normal Pathshala Beed fees for the 2-year NEET program as ₹1,22,400 instead of the Batch Prime fees ₹1,13,668. As per the call flow, the counselor was pitching the Batch Prime program over the call. Need to ensure correct fee communication while pitching the product.",https://drive.google.com/file/d/1asbNh08ZvHAqcydGzZ3EYwLTCYEgV2BV/view?usp=drive_link,20/05/2026,May
5/20/2026 20:38:40,muskan.kumari1@pw.live,muskan.kumari1@pw.live,ritu.kumari1@pw.live,Kreti.mehrotra@pw.live,OB PS,5/20/2026,5/18/2026,12:00:00 AM,12:58:00 AM,Fatal,890927630,"incorrect class timing was pitched to dropper student (8:04 -10:04) , counsellor was not aware about timing because after parent address about it, she direct the parent to visit the centre (10:05 - 10:30).,  ","student - Adarsh
lead ID - 890927630
incorrect class Schedule or timing was pitched to dropper student (8:04 -10:04) , counsellor was not aware about timing because after parent address about it, she direct the parent to visit the centre (10:05 - 10:30).,  ",https://drive.google.com/file/d/1eJGr0cJW2UBVpk6QC4V-Gy7LLKpSrOC0/view?usp=drive_link,20\05\2026,May
5/21/2026 11:31:23,manisha.singh@pw.live,manisha.singh@pw.live,kirti.5@pw.live,mohit.kumar3@pw.live,IB,5/21/2026,5/20/2026,12:51:00 PM,12:51:00 PM,Fatal,https://nq9r8704dw.in7.nopaperforms.io/counsellors/user-profile/1cec040027bf167eb3951c05393a8a7e0283e575a9f098b3dd3a4a3cd3dff390,Links shared on whatsapp,"Links shared on whatsapp,and commit on call that those whatsapp number is company number",7750898563,21/05/2026,May
5/21/2026 13:54:38,anjali.rani1@pw.live,anjali.rani1@pw.live,vaishali-gupta.pw.offline@giga.futworkagents.com,arshad.zahir@pw.live,OB,5/21/2026,5/19/2026,8:00:00 AM,12:00:00 AM,Warning,854955675,blank call,parents ask fees after that blank call an call disconnected by agent ,https://in21.leadsquared.com/OpportunityManagement/OpportunityDetails?opportunityId=80d81b63-0003-47f9-8902-dd8e63e46db8&opportunityEvent=12000,no,May
5/21/2026 17:15:02,manisha.singh@pw.live,manisha.singh@pw.live,shivam.gupta5@pw.live,mohammad.talha@pw.live,DW,5/21/2026,5/20/2026,6:00:00 PM,12:27:00 AM,Fatal,https://nq9r8704dw.in7.nopaperforms.io/counsellors/user-profile/1cec040027bf167eb3951c05393a8a7ee126bb927a1651ae932373ddcbf945a3,Blank Call,"try malpractices ,Ac keep their phones on while on call and than informing details to walk-in",7891293068,20/05/2026,May
5/22/2026 10:30:52,yogendra.goswami@pw.live,yogendra.goswami@pw.live,faizan.ali@pw.live,anshuman.dubey@pw.live,OB,5/22/2026,5/11/2026,12:10:00 AM,12:46:00 AM,Fatal,933696022, Counselor shared incorrect details about the registration amount. ,"Counselor shared incorrect details about the registration amount. counselor stated that the registration amount is 10K if the parent completes registration at the center, whereas the correct registration amount for the Chandigarh center is 20K.",https://drive.google.com/file/d/1qQkx8rvF7xCsbP2mXDGcHa_6lK-YGXoK/view?usp=sharing,21/05/2026,May
5/22/2026 11:58:28,manisha.singh@pw.live,manisha.singh@pw.live,simran.bano@pw.live,mohit.kumar3@pw.live,DW,5/22/2026,5/20/2026,8:01:00 AM,8:00:00 AM,Warning,https://nq9r8704dw.in7.nopaperforms.io/counsellors/user-profile/1cec040027bf167eb3951c05393a8a7ec22d8c22c2d5908b21a1770e23a06840,pitch fees wrong,use sheet for fees details instead of ERP,6394072286,22/05/2026,May
5/23/2026 10:01:47,satendra.negi@pw.live,satendra.negi@pw.live,soumi.sarkar1@pw.live,anant.yadav@pw.live,OB,5/22/2026,5/21/2026,2:00:00 AM,12:24:00 AM,Fatal,252477745,multiple dials on junk leads to increase TT every day,multiple dials on junk leads to increase TT every day,"https://physicalwallahapp1.ameyoemerge.in:8443/ameyowebaccess/command?command=downloadVoiceLog&data={%27crtObjectId%27:%27d810-6a0f6b77-vce-109796%27,%27targetFormat%27:%27mp3%27}",22/5/2026,May
5/27/2026 11:57:48,damini.shrivastava@pw.live,damini.shrivastava@pw.live,Akshay.yaduwanshi@pw.live,anurag.kumar7@pw.live,OB,5/27/2026,5/20/2026,6:00:00 AM,11:00:00 PM,Fatal,15074538, Incorrect Information,"Incorrect information has been shared regarding the refund policy. It was stated that the refund for Class 12 will be provided after completion of Class 11, which is not accurate.",https://in21.leadsquared.com/OpportunityManagement/OpportunityDetails?opportunityId=4a3f2782-0f08-4f38-9668-f88d185c345b&opportunityEvent=12000,05/27/2026,May
5/27/2026 12:08:33,sagar.sharma1@pw.live, sagar.sharma1@pw.live,ajit.kumar5@pw.live,mohit.kumar3@pw.live,TC,5/8/2026,5/7/2026,11:30:00 PM,12:00:00 PM,Fatal,142637796,incorrect information regarding the fee structure.,"Counselor shared incorrect fee details for the Patna Iskcon Vidhyapeeth Center, Class 11 JEE 2-Year Hindi Medium batch. The counselor explained the fee as ₹219,400, which is the fee for the Class 11 NEET 2-Year Hindi Medium batch, whereas the actual fee for the JEE batch is ₹223,400",https://drive.google.com/file/d/1QFpynj4rGlpC-7wBzLPLy6csuhdbwZJK/view,13-may-2026,May
5/27/2026 12:11:22,sagar.sharma1@pw.live,sagar.sharma1@pw.live,prateeksha.mishra@pw.live,mohit.kumar3@pw.live,TC,5/11/2026,5/6/2026,8:35:00 PM,12:00:00 AM,Fatal,837822588, incorrect information regarding the fee structure.,"Counselor shared incorrect fee details for Delhi Janakpuri VP Class 8. The counselor explained that the fee is 80,700 and after discount it is 55,884, whereas the actual fee is 74,700 and after the current 35% discount, the fee is 60,771.",https://drive.google.com/file/d/14ES_GTYMlk-ScwN4AGLFQyGVsbSnebY6/view,13-may-2026,May
5/30/2026 12:33:19,manisha.singh@pw.live,manisha.singh@pw.live,Somy.chawada@pw.live,mohit.kumar3@pw.live,DW,5/30/2026,5/26/2026,12:05:00 AM,1:02:00 AM,Fatal,https://nq9r8704dw.in7.nopaperforms.io/counsellors/user-profile/1cec040027bf167eb3951c05393a8a7e5f051a9b5972dcbd679c4a7ef53510da,Blank Call,"The entire call was Blank
",6396503870,30/05/2026,May
5/30/2026 13:25:13,damini.shrivastava@pw.live,damini.shrivastava@pw.live,Akshay.yaduwanshi@pw.live,anurag.kumar7@pw.live,OB,5/30/2026,5/28/2026,7:00:00 AM,5:00:00 PM,Fatal,169275683,Incorrect Information,"During the call, the agent informed the parent that classes would be provided for only 6 months, and thereafter the student would receive 8 hours of doubt support. This information was communicated inaccurately",https://in21.leadsquared.com/OpportunityManagement/OpportunityDetails?opportunityId=5ecb2f4d-3757-454c-b9d7-94acafffac71&opportunityEvent=12000,05/30/2026,May
6/1/2026 20:54:49,muskan.kumari1@pw.live,muskan.kumari1@pw.live,asis.dash@pw.live,shubham.vishwakarma5@pw.live,OB PS,6/1/2026,5/31/2026,7:33:00 PM,7:33:00 PM,Fatal,983401352,wrong info provided,wrong fees pitched and Dangal pitched to foundation student,https://drive.google.com/file/d/1KGURyzmJA0SbrW_M1Nb8kuJ73fmLyFSG/view?usp=drive_link,1st june 2026,June
6/3/2026 12:36:53,saumya.nigam@pw.live,saumya.nigam@pw.live,sonali.pundir@pw.live,sonu.kushwaha@pw.live,OB,5/6/2026,5/5/2026,1:00:00 PM,12:03:00 AM,Fatal,762792889,rude behaviour,"The tone was observed to be assertive and, at certain points, came across as rude.", https://in21.leadsquared.com/OpportunityManagement/OpportunityDetails?opportunityId=e13cb64c-0fef-4712-ade9-6ed06b799269&opportunityEvent=12000,06th May 2026,May
6/3/2026 12:57:01,abhinav.rai1@pw.live,abhinav.rai1@pw.live,hemant.pramanik@pw.live,nandini.agarwal@pw.live,IB PS,5/20/2026,5/19/2026,2:00:00 PM,12:26:00 AM,Fatal,830479797,Wrong information,"At 12 minutes and 30 seconds into the call, you incorrectly informed the student that the fees for the Rewa center for JEE 12+ were 81,600. The correct fees are 78,200. The fees you quoted were actually for the NEET Dropper batch, not the JEE Dropper batch.",https://recordings.exotel.com/exotelrecordings/pw6201/139a82fd35dcf2fe22173b274dd21a5j.mp3,"May 20, 2026",May
6/3/2026 13:04:31,abhinav.rai1@pw.live,abhinav.rai1@pw.live,gunjan.chandwani@pw.live,nandini.agarwal@pw.live,IB PS,5/19/2026,5/17/2026,10:00:00 AM,12:01:00 AM,Fatal,940041368,Blank call,"After 1 min 23 sec into the call, the entire call was blank. Clarity is required on this case, we are considering it a fatal blank call because the blank air duration exceeded 8 minutes.",https://recordings.exotel.com/exotelrecordings/pw6201/aac299e972de7c6e2d8c53dfc3221a5h.mp3,"May 20, 2026",May
6/3/2026 21:58:35,abhinav.rai1@pw.live,abhinav.rai1@pw.live,supriya.bharti@pw.live,nandini.agarwal@pw.live,IB PS,6/2/2026,6/1/2026,8:00:00 AM,12:49:00 AM,Fatal,964993465,Wrong information,"At 5 minutes and 6 seconds into the call, AC stated that the student must pay ₹8,000 at the time of admission. If AC were referring to the registration fee, this information is incorrect and requires clarification. Also, AC were confused about the installment percentage later in the same conversation during the call.",https://recordings.exotel.com/exotelrecordings/pw6201/a9c5328af744c4b4df5028e5aaf21a61.mp3,"June 03, 2026",June
6/4/2026 9:12:27,anjali.rathore2@pw.live,anjali.rathore2@pw.live,hussain.pw.defence@futworkcallers.com,mohit.kumar3@pw.live,DW,6/4/2026,6/2/2026,8:00:00 AM,12:43:00 AM,Fatal,8920060805 9719136421 ,Blank call,the entire call is blank,8920060805 9719136421,4th june,June
6/4/2026 17:30:28,poonam.bongale@pw.live,poonam.bongale@pw.live,mahima.singh1@pw.live,burhan.rouf@pw.live,OB,5/15/2026,5/13/2026,11:35:00 AM,11:35:00 AM,Fatal,199396331,Blank call,Blank call after 5 mins of TT,https://in21.leadsquared.com/OpportunityManagement/OpportunityDetails?opportunityId=9d8879ba-325b-4469-8e5f-121eb325ba70&opportunityEvent=12000,20 May 2026,May
6/4/2026 17:36:36,poonam.bongale@pw.live,poonam.bongale@pw.live,aarifa.bano@pw.live,Shivanshu.singh@pw.live,OB,5/12/2026,5/11/2026,12:42:00 PM,12:42:00 PM,Fatal,931947256,Wrong info, @8:00 mins - AC mentioned that we have a tie-up with hostels,https://in21.leadsquared.com/OpportunityManagement/OpportunityDetails?opportunityId=3c5e1d86-707e-4766-92a0-e7b4fbda468d&opportunityEvent=12000,20 May 2026,May
6/4/2026 17:40:49,poonam.bongale@pw.live,poonam.bongale@pw.live,afzal.2@pw.live,Shivanshu.singh@pw.live,OB,5/13/2026,5/10/2026,6:30:00 PM,6:30:00 PM,Fatal,892078489,Wrong info, counsellor pitched VP to a Hindi medium foundation student,https://in21.leadsquared.com/OpportunityManagement/OpportunityDetails?opportunityId=1d6595b2-fa04-439f-bf0b-7ec4918037de&opportunityEvent=12000,20 May 2026,May
6/4/2026 19:15:40,damini.shrivastava@pw.live,damini.shrivastava@pw.live,Akshay.yaduwanshi@pw.live,anurag.kumar7@pw.live,OB,6/4/2026,6/3/2026,5:00:00 AM,5:00:00 AM,Fatal,990422780,Incorrect Information,"agent informed that I can provide a ₹5,000 coupon from my end if you complete your registration during this call",https://in21.leadsquared.com/OpportunityManagement/OpportunityDetails?opportunityId=0bff0e20-5e80-11f1-af1f-02bd9f2ebb6b&opportunityEvent=12000,06/04/2026,June
6/5/2026 12:48:23,sheetal.mandhyan@pw.live,sheetal.mandhyan@pw.live,akash.shaw@pw.live,avnish.singh@pw.live,IB,6/5/2026,6/3/2026,3:00:00 PM,12:25:00 PM,Fatal,264722694,blank call,the call was on hold as soon as the counselor picked up and he was stretching the for about 2:39 secs without speaking anything,https://drive.google.com/file/d/1Dcs-JeMZ2ruAvftUHavLFHkpk00S33cM/view?usp=sharing,06-05-2026,June
6/5/2026 14:08:32,manisha.singh@pw.live, manisha.singh@pw.live,shilika.mishra@pw.live,mohammad.talha@pw.live,DW,6/5/2026,6/2/2026,9:23:00 AM,9:21:00 AM,Warning,6399845142,Blank call,Ac increased tt by more than 5min ,https://nq9r8704dw.in7.nopaperforms.io/counsellors/user-profile/1cec040027bf167eb3951c05393a8a7ef38c3eb21cf4e9802c3b1b30ba683c4f,05/06/2026,June
6/5/2026 16:06:58,manisha.singh@pw.live,manisha.singh@pw.live,shilika.mishra@pw.live,mohammad.talha@pw.live,DW,6/5/2026,6/2/2026,7:00:00 AM,7:00:00 AM,Fatal,https://nq9r8704dw.in7.nopaperforms.io/counsellors/user-profile/1cec040027bf167eb3951c05393a8a7eec3514d68c0730e864b0453dbd66eb07,AC asked for an OTP from the student to log in to the PW app to edit the class,AC asked for an OTP from the student to log in to the PW app to edit the class,9795881883,05/06/2026,June
6/5/2026 16:43:24,sheetal.mandhyan@pw.live,sheetal.mandhyan@pw.live,rahul.sharma17@pw.live,avnish.singh@pw.live,IB,6/5/2026,6/3/2026,7:00:00 AM,12:16:00 AM,Warning,62307840,incomplete fees guided to the parent,"total fees was guided as 2,18,400 where as discounted was guided 1,47,000 where actual was 1,47.514 so giving warning on this.",https://drive.google.com/file/d/1QSeY8NGVR0fYZa7f-ZbGl7PTgb-DQ8M6/view?usp=sharing,06-05-2026,June
6/6/2026 9:35:43,anjali.rathore2@pw.live,anjali.rathore2@pw.live,hussain.pw.defence@futworkcallers.com,mohit.kumar3@pw.live,DW,6/6/2026,6/4/2026,5:00:00 PM,12:54:00 AM,Fatal,9149347616,entire call is blank,call is blank,https://drive.google.com/file/d/1YCgpRdx7_q_bc_og-iV4PXly6qV2xjsK/view?usp=drive_link       https://drive.google.com/file/d/1xq8iH2lDLtLnogRu1XNsBhONc9gULezg/view?usp=drive_link,6th june,June
6/6/2026 11:29:08,manisha.singh@pw.live,manisha.singh@pw.live,kirti.5@pw.live,mohit.kumar3@pw.live,DW,6/6/2026,6/5/2026,11:52:00 AM,11:51:00 AM,Fatal,https://in21.leadsquared.com/LeadManagement/LeadDetails?LeadID=a6b438af-526a-4108-a558-5693d40ef445,AC shared links on whatsapp,AC shared links on whatsapp,https://in21.leadsquared.com/LeadManagement/LeadDetails?LeadID=a6b438af-526a-4108-a558-5693d40ef445,06/06/2026,June
6/6/2026 15:09:36,aleena.qudeer@pw.live,aleena.qudeer@pw.live,vikash.kumar18@pw.live,alok.sharma@pw.live,OB,6/6/2026,6/4/2026,12:07:00 AM,4:00:00 AM,Fatal,908583805,blank call,blank call,https://in21.leadsquared.com/OpportunityManagement/OpportunityDetails?opportunityId=1f80ab2d-b805-4ef3-806b-69e07712f981&opportunityEvent=12000,6/6/2026,June
6/6/2026 15:52:28,saumya.nigam@pw.live,saumya.nigam@pw.live,ekta.gupta@pw.live,aman.chopra@pw.live,OB,6/6/2026,6/5/2026,11:00:00 AM,12:53:00 AM,Fatal,755142292,wrong information,"The counselor informed that that an additional 10% discount would be provided. Furthermore, the counselor stated that the fee could be paid in 5 installments over a period of 2 years. Both details are incorrect and do not align with the approved discount and payment policies.

",-,06/06/2026,June
6/6/2026 16:54:51,darakshan.altaf@pw.live,darakshan.altaf@pw.live,akshay.shrivastava@pw.live,dipti.khurana@pw.live,IB,6/6/2026,6/3/2026,10:00:00 PM,6:00:00 PM,Fatal,964572521,wrong fee mentioned:,"During the call, incorrect fee information was shared with the student. You mentioned a tentative fee of ₹90,000 and stated that after a 60% discount, the payable fee would be ₹62,472. However, the correct fee structure is as follows:

Actual Fee: ₹87,600
Fee after 60% Discount: ₹59,171

Additionally, counselors should never use the term ""tentative fee"" while discussing fee structures with students or parents. Fee information must always be shared as per the approved and updated fee structure available in the system. Using terms such as ""tentative fee"" can create confusion and lead to misinformation.",https://drive.google.com/file/d/1uh0gYh7o6y3mg4LCbStZZbr2kjp1Uwev/view?usp=drive_link,06:06:2026,June
6/8/2026 10:09:38,anjali.rathore2@pw.live,anjali.rathore2@pw.live,alisha-khatoon.pw.defence@futworkcallers.com,mohit.kumar3@pw.live,DW,6/8/2026,6/4/2026,8:00:00 AM,12:27:00 AM,Fatal,7878195571,the entire call is blank,the entire call is blank,7878195571,8th june,June
6/8/2026 14:33:59,aleena.qudeer@pw.live,aleena.qudeer@pw.live,vikash.kumar18@pw.live,alok.sharma@pw.live,OB,6/6/2026,6/5/2026,12:04:00 AM,3:08:00 AM,Fatal,22147813,blank call,blank call,https://in21.leadsquared.com/LeadManagement/LeadDetails?LeadID=70c30742-7042-4170-be93-a14b88c586b4&pageNumber=1&cc=1,8/6/2026,June
6/8/2026 16:25:54,darakshan.altaf@pw.live,darakshan.altaf@pw.live ,sagar.2@pw.live,dipti.khurana@pw.live,IB,6/8/2026,6/6/2026,11:00:00 PM,5:00:00 PM,Fatal,989185985,9 min blank call ,"During the call, the student reported issues with accessing live online classes. Instead of following the appropriate process, the call was kept on hold for an extended duration. The counsellor initially placed the call on hold for approximately 3 minutes and advised the student to uninstall and reinstall the application. The call was then placed on hold again for around 6 minutes.

Towards the end of the conversation, the student repeatedly said ""Hello,"" but the counsellor did not respond. Overall, the call duration was 11 minutes and 58 seconds, with nearly 9 minutes spent on hold.

Please note that our primary responsibility is offline counselling. If an already enrolled online student contacts us regarding technical issues, the correct approach is to share the relevant Online Support Team contact details and guide the student accordingly. Prolonged hold durations and attempting to troubleshoot technical issues beyond our scope result in a poor student experience and inefficient call handling.",https://drive.google.com/file/d/1z-w2yUZU0Rw5ab2AMnDmjxWx_ktOtaMI/view?usp=drive_link,08-06-2026,June
6/8/2026 17:53:50,tushar.tanpure@pw.live,tushar.tanpure@pw.live,subhra.koley@pw.live,arvind.rana@pw.live,OB,6/8/2026,6/6/2026,8:00:00 AM,12:04:00 AM,Fatal,860697206,"Counsellor Pitched wrong discounted fees for Gorakhpur Medical Road VP for class 9 i.e. 47,949 whoch was supposed to be 49,543 and also discount percentage was pitched wrong 40% which was supposed to be 35%.","Counsellor Pitched wrong discounted fees for Gorakhpur Medical Road VP for class 9 i.e. 47,949 whoch was supposed to be 49,543 and also discount percentage was pitched wrong 40% which was supposed to be 35%.",https://drive.google.com/file/d/1gL3ioBdUCmkirfP0W9A8mfcbkPz_cfaR/view?usp=drive_link,08/06/2026,June
6/8/2026 18:50:59,muskan.kumari1@pw.live,muskan.kumari1@pw.live,asis.dash@pw.live ,shubham.vishwakarma5@pw.live,OB PS,6/8/2026,6/7/2026,6:02:00 PM,6:02:00 PM,Fatal,1004071208,Unnecessary information ,provide unnecessary info to the parents regarding online arts batch and stretched call for 6 mins,https://drive.google.com/file/d/1k6DSLESEGUhiWJBZRfirKUPLD9yVwbw_/view?usp=drive_link,08/06/2026,June
6/10/2026 17:54:31,damini.shrivastava@pw.live,damini.shrivastava@pw.live,arshi.rawat@pw.live,anurag.kumar7@pw.live,OB,6/10/2026,5/29/2026,6:00:00 AM,11:00:00 AM,Fatal,947003988,Others,"During the call, you stated that I could provide coupon if the registration was completed during the call.This information was communicated inaccurately.",https://in21.leadsquared.com/OpportunityManagement/OpportunityDetails?opportunityId=d8135f5d-5118-11f1-af1f-02bd9f2ebb6b&opportunityEvent=12000,06/10/2026,June
6/10/2026 22:44:55,yogendra.goswami@pw.live,yogendra.goswami@pw.live,naseeb.chandra@pw.live,anshuman.dubey@pw.live,OB,6/9/2026,6/6/2026,6:00:00 AM,7:00:00 AM,Fatal,984705017,Blank Call,"here was no discussion between timestamp 04:03 and 06:06 of the call, which has been identified as a blank call.",https://drive.google.com/file/d/14nByDTfzr11XgNqMFxm2ecHnag--4f1u/view?usp=sharing,10/06/2026,June
6/11/2026 15:06:34,muskan.kumari1@pw.live,muskan.kumari1@pw.live,shahan.nazeer@pw.live,shubham.vishawakarma5@pw.live,OB PS,6/11/2026,6/10/2026,5:38:00 PM,5:38:00 PM,Fatal,1007741374,Others,two teacher model pitched to foundation student,https://drive.google.com/file/d/11Fj9RmF9-SXpaJJgIiZyXb7-Lmp3ExLX/view?usp=drive_link,11/06/2026,June
6/11/2026 15:47:10,manisha.singh@pw.live,manisha.singh@pw.live,pravin.nagar@pw.live,mohit.kumar3@pw.live,DW,6/11/2026,6/10/2026,11:16:00 AM,11:16:00 AM,Warning,https://in21.leadsquared.com/LeadManagement/LeadDetails?LeadID=20a1d7eb-709b-4ec9-a4b1-893175878482,Wrong fee after discount,discounted fees is 37440 but quoted 37120,https://in21.leadsquared.com/LeadManagement/LeadDetails?LeadID=20a1d7eb-709b-4ec9-a4b1-893175878482,11/06/2026,June
6/11/2026 16:28:50,manisha.singh@pw.live,manisha.singh@pw.live,rajinder.kaur@pw.live,mohit.kumar3@pw.live,DW,6/10/2026,6/9/2026,1:28:00 PM,1:28:00 PM,Warning,25141802,Wrong fee after discount,"The AC informed the incorrect fees to the learner time stamp - 13min 28sec
",https://recordings.exotel.com/exotelrecordings/pw6201/7f9b9164769944ec236c40bf87c71a69.mp3,11/06/2026,June
6/13/2026 13:29:34,manisha.singh@pw.live,manisha.singh@pw.live,kirti.5@pw.live,mohit.kumar3@pw.live,DW,6/13/2026,6/12/2026,6:41:00 AM,6:43:00 AM,Warning,31354595,Wrong fee after discount,"AC informed the incorrect fees to the learner 
",https://in21.leadsquared.com/OpportunityManagement/OpportunityDetails?opportunityId=15fc8d01-660d-11f1-af1f-02bd9f2ebb6b&opportunityEvent=12015,13/06/2026,June
6/13/2026 13:47:28,sheetal.mandhyan@pw.live,sheetal.mandhyan@pw.live,sarita.khatri@pw.live,nidhi.tiwari1@pw.live,Super Pod,6/13/2026,6/11/2026,2:00:00 AM,12:46:00 AM,Fatal,970621003,Blank Call,the counselor said hello for 13 seconds and no one answered and kept the call on hold for more than 2 mins,https://drive.google.com/file/d/1qnnjqSvbZi3pbvScDvMc0xsqCmel2Z8n/view?usp=sharing,06-13-2026,June
6/15/2026 11:19:17,mariya.parween@pw.live,mariya.parween@pw.live,amit.rahoura@pw.live,dipti.khurana@pw.live,IB,6/15/2026,6/13/2026,10:19:00 PM,10:19:00 PM,Warning,480156193,Others,"During call monitoring, it was observed that when a parent/guardian enquired about trial classes at the centre, the Academic Counsellor incorrectly advised that recorded lectures could be provided. This communication was incorrect because recorded lectures are not offered for trial purposes and should not have been presented as an alternative.",https://mail.google.com/mail/u/0/#sent/KtbxLzGSrxrFTKkHpGGDWrscQVbxqRTqtL?projector=1&messagePartId=0.1,15/06/2026,June
6/15/2026 12:55:27,mariya.parween@pw.live,mariya.parween@pw.live,harsh.agrahari@pw.live,dipti.khurana@pw.live,IB,6/15/2026,6/14/2026,11:53:00 PM,11:53:00 PM,Fatal,1023392377,Wrong fee after discount,"The student secured 85% marks in 10th state board (MHT) and is looking for a 2-year JEE program. It was identified that an incorrect discount had been applied, resulting in the fee being erroneously updated to ₹2,05,000.

After reviewing the applicable scholarship/discount criteria, the correct fee amount has been recalculated. As per the eligible discount, the revised fee payable is ₹1,83,303.",https://mail.google.com/mail/u/0/#sent/KtbxLxGkNDjNmfzStSzbszrnVxlrgpLNnV?projector=1&messagePartId=0.1,15/06/2026,June
6/15/2026 16:57:48,devashree.bartaria@pw.live,devashree.bartaria@pw.live,anil.kumar16@pw.live,bhawna.tomar@pw.live,OB,6/15/2026,6/14/2026,10:00:00 AM,12:07:00 AM,Fatal,944581295,Others," The counselor provided incorrect details about the ICSE board batches for Class 10. Although no batches were available for the Class 10 ICSE board at Patna VP the counselor didn't check the details properly & presented all the information  to the parent including batch details & fee structure, without confirming batch availability.
",https://in21.leadsquared.com/OpportunityManagement/OpportunityDetails?opportunityId=c934a74e-44f5-4292-8591-814e7c74207e&opportunityEvent=12000,15 June 2026,June
6/15/2026 16:58:55,manisha.singh@pw.live,manisha.singh@pw.live,kirti.5@pw.live,mohit.kumar3@pw.live,DW,6/15/2026,6/13/2026,1:21:00 PM,1:19:00 PM,Fatal,40073836,Others,AC shared a personal number,https://in21.leadsquared.com/OpportunityManagement/OpportunityDetails?opportunityId=1a8e7f6a-6734-11f1-af1f-02bd9f2ebb6b&opportunityEvent=12015,15/06/2026,June
6/16/2026 9:43:22,anjali.rathore2@pw.live,anjali.rathore2@pw.live,adarsh.kumar3@pw.live,mohammad.talha@pw.live,DW,6/16/2026,6/11/2026,7:00:00 AM,12:04:00 AM,Fatal,39878176,Blank Call,entire call is blank and kept on hold,39878176,16th june,June
6/16/2026 12:07:07,mariya.parween@pw.live,mariya.parween@pw.live,shshank.chandan@pw.live,deepak.verma2@pw.live,IB,6/16/2026,6/15/2026,11:41:00 PM,11:41:00 PM,Fatal,1024972080,Wrong Fee,"AC connected with the student's sister regarding the fee structure for the 2-year JEE preparation course. Based on the student's Class 10 board examination percentage(CBSE), the student is eligible for a 40% scholarship. However, the Academic Counselor applied only a 30% discount, which does not align with the scholarship criteria. Therefore, the fee calculation appears incorrect and requires verification and correction.",https://mail.google.com/mail/u/0/#sent/QgrcJHrtpqpNmbMBgNHLnkPGnhvMKrgmdLg?projector=1&messagePartId=0.1,16/06/2026,June
6/17/2026 16:44:17,devashree.bartaria@pw.live,devashree.bartaria@pw.live,shoaib.khan1@pw.live,bhawna.tomar@pw.live,OB,6/17/2026,6/16/2026,8:00:00 AM,12:24:00 AM,Fatal,81214053,Center Availability,"The counselor provided incorrect details about the center to the student. Although Vidyapeeth is available in Motihari city the counselor clearly told the student that no VP is available at that location, which is wrong information",https://in21.leadsquared.com/OpportunityManagement/OpportunityDetails?opportunityId=d4fa700a-6530-40e9-9509-1042de9bc84c&opportunityEvent=12000,17 June 2026,June
6/17/2026 20:53:54,rajitha.musturu@pw.live,rajitha.musturu@pw.live,varshini.s@pw.live,aswathy.nair@pw.live,OB,6/17/2026,6/14/2026,10:00:00 AM,12:35:00 AM,Fatal,1019533815,Others,10:35 :  Spoke with Sister/ informed about app explore/ student is in 10th and probing done/ confirmed location and nearest centre/ Sister said all got call from PW/ explained all Offerings/ informed subjects of classes/ Fee structure with scholarship/ informed SAT exam benefits/ pitched batch start date and batches details/ pushed for centre visit and confirmed number/ asked for call back while visiting and closed. ** (@5:00 explained about Infinite Practice for 10th Standard),"https://physicalwallahapp1.ameyoemerge.in:8443/ameyowebaccess/command?command=downloadVoiceLog&data={%27crtObjectId%27:%27d900-6a2dc34f-vce-169757%27,%27targetFormat%27:%27mp3%27}",17/06/2026,June
6/18/2026 9:09:26,mooktesh.srivastava@pw.live,mooktesh.srivastava@pw.live ,shubham.burman@pw.live,pravin.yadav@pw.live,IB,6/17/2026,6/16/2026,10:00:00 AM,12:11:00 AM,Fatal,872908290,Wrong Fee,pitched class 11th jee fee to neet student/pitched 223000 correct fee is 219000,https://drive.google.com/file/d/1tGD-IbwgP8LDSLBYGsWMRn7XRULoeyjU/view?usp=sharing,18/06/2026,June
6/18/2026 10:56:02,soumya.gupta2@pw.live,Soumya.gupta2@pw.live,suhaib@31parallel.com,avinash.kumar@pw.live,OB,6/2/2026,5/22/2026,7:11:00 PM,7:11:00 PM,Fatal,950516910,Blank Call,NA,https://in21.leadsquared.com/OpportunityManagement/OpportunityDetails?opportunityId=87bb0fe6-246f-4da1-ae79-b3e394cde0bd&opportunityEvent=12000,2 june,June
6/18/2026 12:10:52,soumya.gupta2@pw.live,soumya.gupta2@pw.live,suhaib@31parallel.com,avinash.kumar@pw.live,OB,6/2/2026,5/23/2026,1:01:00 PM,1:01:00 PM,Fatal,851829314,Blank Call,blank call ,https://in21.leadsquared.com/OpportunityManagement/OpportunityDetails?opportunityId=55903c5f-f237-4f6c-b660-2dca371557a6&opportunityEvent=12000,2 june,June
6/18/2026 12:11:39,mariya.parween@pw.live,mariya.parween@pw.live,shshank.chandan@pw.live,deepak.verma2@pw.live,IB,6/18/2026,6/16/2026,8:27:00 AM,8:27:00 AM,Fatal,737761682,Wrong Fee,"The student clearly confirmed choosing Biology in Grade 11 and inquired about a two-year program at the Exhibition Centre Patna. Despite this, the Counselor provided and updated the fee structure for the JEE program rather than the NEET program.This fee information is incorrect and indicates that the AC did not thoroughly verify the student's academic focus before updating the details",https://mail.google.com/mail/u/0/#sent/KtbxLwGkJJBlFcTSjgtsHSBsPCTXdrklzg?projector=1&messagePartId=0.1,18/06/2026,June
6/18/2026 12:16:20,soumya.gupta2@pw.live,soumya.gupta2@pw.live,suhaib@31parallel.com,avinash.kumar@pw.live,OB,6/2/2026,5/23/2026,1:53:00 PM,1:53:00 PM,Fatal,780486785,Blank Call,na,https://in21.leadsquared.com/OpportunityManagement/OpportunityDetails?opportunityId=5aad1da4-7476-4f82-8771-01e020b012d7&opportunityEvent=12000,2 june,June
6/18/2026 12:27:02,soumya.gupta2@pw.live,soumya.gupta2@pw.live,suhaib@31parallel.com,avinash.kumar@pw.live,OB,6/2/2026,5/23/2026,9:58:00 AM,9:58:00 AM,Warning,602758116,Blank Call,na,https://in21.leadsquared.com/OpportunityManagement/OpportunityDetails?opportunityId=d165e738-5110-4d93-b387-fad0016e8255&opportunityEvent=12000,2 june ,June
6/18/2026 12:31:42,soumya.gupta2@pw.live,soumya.gupta2@pw.live,suhaib@31parallel.com,avinash.kumar@pw.live,OB,6/2/2026,5/23/2026,8:57:00 AM,8:57:00 AM,Warning,837166725,Blank Call,na,https://in21.leadsquared.com/OpportunityManagement/OpportunityDetails?opportunityId=5766b3bf-6203-4ec0-81a2-aa46b83fe0ce&opportunityEvent=12000,2 june ,June
6/18/2026 12:34:37,soumya.gupta2@pw.live,soumya.gupta2@pw.live,aamir.shah@31parallel.com,avinash.kumar@pw.live,OB,6/3/2026,6/2/2026,7:43:00 AM,7:43:00 AM,Fatal,19490329,Blank Call,na, https://in21.leadsquared.com/OpportunityManagement/OpportunityDetails?opportunityId=d0521805-de1b-4223-ab17-a35593e046e9&opportunityEvent=12000,3 june,June
6/18/2026 12:37:15,soumya.gupta2@pw.live,soumya.gupta2@pw.live,"	 aamir.shah@31parallel.com,",avinash.kumar@pw.live,OB,6/6/2026,6/6/2026,9:37:00 AM,9:37:00 AM,Warning,906186899,Others,"It has been observed that calls are being unnecessarily prolonged with discussions that are not relevant to the customer's requirement. Additionally, proper pitching is not being carried out consistently, which is impacting call quality and overall productivity.",https://in21.leadsquared.com/OpportunityManagement/OpportunityDetails?opportunityId=6c0fceb1-fb93-4b8a-b7cb-ba2da8545264&opportunityEvent=12000,8 june,June
6/18/2026 12:42:55,soumya.gupta2@pw.live,soumya.gupta2@pw.live,nisha.sethi@pw.live,avinash.kumar@pw.live,OB,6/8/2026,6/6/2026,2:23:00 PM,2:23:00 PM,Fatal,114433491,Wrong Fee,"The counselor incorrectly informed the customer that both the 30% Discount and Scholarship Discount could be availed together, which is not as per the approved policy. (Timestamp: 11:30 - 11:57)", https://in21.leadsquared.com/OpportunityManagement/OpportunityDetails?opportunityId=2400ce75-ad64-48f6-904a-47a8a7d608ec&opportunityEvent=12000,8 june,June
6/18/2026 13:05:17,soumya.gupta2@pw.live,soumya.gupta2@pw.live,haraprasad.swain@pw.live,avinash.kumar@pw.live,OB,6/18/2026,6/6/2026,11:59:00 AM,11:59:00 AM,Fatal,997768535,Wrong Fee,"The counselor incorrectly informed the customer that the learner would receive both the Early Bird Discount (EBD) and the Scholarship Discount, which is not in accordance with the approved policy. (Timestamp: 07:50 – 08:35)", https://in21.leadsquared.com/OpportunityManagement/OpportunityDetails?opportunityId=9bef5314-9387-46ac-9f5c-c3d676510cfd&opportunityEvent=12000,8 june,June
6/18/2026 13:14:36,soumya.gupta2@pw.live,soumya.gupta2@pw.live,dawood.bhat@31parallel.com,avinash.kumar@pw.live,OB,6/8/2026,6/8/2026,6:06:00 AM,6:06:00 AM,Fatal,529670452,Blank Call,"It was observed that the call remained completely blank from 01:55 to 06:06, with no meaningful customer interaction, counseling, or engagement recorded during this period.",https://in21.leadsquared.com/OpportunityManagement/OpportunityDetails?opportunityId=e07a69a8-7272-4631-86e5-64cbaa690858&opportunityEvent=12000,8 june ,June
6/18/2026 13:20:14,soumya.gupta2@pw.live,soumya.gupta2@pw.live,nandini.narang1@pw.live,avinash.kumar@pw.live,OB,6/8/2026,6/6/2026,2:23:00 PM,2:23:00 PM,Warning,750840818,Others,"It was observed that the call was unnecessarily prolonged with discussions around the Online Batch, Additionally, the conversation lacked meaningful counseling efforts, and no substantial attempt was made to understand the customer's needs, address concerns, or drive the interaction toward a productive outcome.", https://in21.leadsquared.com/OpportunityManagement/OpportunityDetails?opportunityId=e8dd8b3b-cece-4821-992c-cd6f6c3374b9&opportunityEvent=12000,8 june ,June
6/18/2026 19:19:24,muskan.kumari1@pw.live,muskan.kumari1@pw.live,supriya.patel@pw.live,shubham.vishwakarma5@pw.live,OB PS,6/18/2026,6/17/2026,5:31:00 PM,5:30:00 PM,Warning,1019792809,Blank Call,completely blank call for 5:31 mins,https://drive.google.com/file/d/1PWaAWnDLupIatZKxp_UCQnRCnU2Np1Zw/view?usp=drive_link,18/06/2026,June
6/20/2026 13:18:24,anjali.rathore2@pw.live,anjali.rathore2@pw.live,alisha-khatoon.pw.defence@futworkcallers.com,mohit.kumar3@pw.live,DW,6/20/2026,6/17/2026,8:00:00 AM,12:26:00 AM,Fatal,9511860413,Blank Call,entire call is blank,"9511860413, 6206400318",20th june,June
6/22/2026 20:06:16,tushar.tanpure@pw.live,tushar.tanpure@pw.live,karan.thakur@pw.live,arvind.rana@pw.live,OB,6/22/2026,6/21/2026,6:00:00 AM,12:24:00 AM,Fatal,1041204215,Others,"Timespan - 3:15 - Counsellor said that online team is availbale at center, they will guide student for online batch.
Timespan - 5:25 - Counsellor said scholarship test is availbale for both online and offline.",https://drive.google.com/file/d/1WtXLGgT7MltlISBemAiwGp6Qdy8em5P1/view?usp=drive_link,22/06/2026,June
6/23/2026 12:41:39,anjali.rathore2@pw.live,anjali.rathore2@pw.live,alisha-khatoon.pw.defence@futworkcallers.com,mohit.kumar3@pw.live,DW,6/23/2026,6/22/2026,6:00:00 AM,12:08:00 AM,Fatal,9406922277,Others,informed incorrect attempt to parent,9406922277,23rd june,June
6/23/2026 14:28:17,arti.chandel@pw.live,arti.chandel@pw.live,anjali.srivastava2@pw.live,shikha.chouhan@pw.live,IB,6/23/2026,6/20/2026,10:00:00 AM,12:10:00 AM,Fatal,1039580573,Others, Wrong information provided about the installment that second installment can be paid after 42 days ,https://drive.google.com/file/d/1hMFRitqsojYzfLEfI9si1P4BH74vGO7w/view?usp=sharing,22-06-2026,June
6/24/2026 17:17:12,anjali.rathore2@pw.live,anjali.rathore2@pw.live,himanshi-dhidharia.pw.defence@futworkcallers.com,mohit.kumar3@pw.live,DW,6/24/2026,6/23/2026,6:00:00 AM,8:00:00 AM,Warning,"9111767316 ,  9918874859 ,  8504817357 , 8320655125.      ",Others,not marking disposition,"9111767316 ,  9918874859 ,  8504817357 , 8320655125.      ",24th june,June
6/25/2026 11:11:09,mariya.parween@pw.live,mariya.parween@pw.live,aman.vishwakarma@pw.live,deepak.verma2@pw.live,IB,6/25/2026,6/23/2026,12:45:00 PM,12:45:00 PM,Fatal,1047459823,Wrong Fee,"AC Connected with the student's father. He informed  that the student secured 98.6% in the Maharashtra State Board (Class 10) examination. Upon reviewing the account, it was observed that an EBD (Early Bird Discount) of 40% had been incorrectly applied, resulting in an erroneous fee quotation. As per the board-based scholarship policy, the student qualifies for the 100% discount slab based on the obtained score. Therefore, the fee was incorrectly quoted because the wrong discount category was applied.",https://mail.google.com/mail/u/0/#sent/KtbxLrjZnDcFVfbmgChhflkVNkDKRDrdBB?projector=1&messagePartId=0.1,25/06/2026,June
6/25/2026 12:02:20,mariya.parween@pw.live,mariya.parween@pw.live, csr199@coderootz.in,deepak.verma2@pw.live,IB,6/25/2026,6/24/2026,12:50:00 PM,12:50:00 PM,Fatal,1050181635,Wrong Fee,"Discussion held with the student's mother. The student secured 91% in the CBSE Class 10 Board Examination. The AC incorrectly communicated the EBD discount instead of  the board based discount , which led to quoting an incorrect discounted fee.",https://mail.google.com/mail/u/0/#sent/QgrcJHsHqgLvZTfbKRCfDsNGWNrpkjZCgHV?projector=1&messagePartId=0.1,25/06/2026,June
6/29/2026 16:56:32,sheetal.mandhyan@pw.live,sheetal.mandhyan@pw.live,bishal.barua@pw.live,avnish.singh@pw.live,IB,6/29/2026,6/28/2026,9:00:00 AM,12:06:00 AM,Fatal,232897097,Blank Call,The call went blank after 2 mins and the counselor did not disconnect the call ,https://drive.google.com/file/d/1Sywo4lJqlm-y7E9uMa58yMMtU3koPLw9/view?usp=sharing,29-06-2026,June
6/30/2026 12:45:19,abhinav.rai1@pw.live,abhinav.rai1@pw.live,mehak.rai@pw.live,nandini.agarwal@pw.live,IB PS,6/10/2026,6/9/2026,10:00:00 AM,12:02:00 AM,Fatal,https://in21.leadsquared.com/OpportunityManagement/OpportunityDetails?opportunityId=2f4896e4-4d0a-478e-9b71-1de5f626f742&opportunityEvent=12003,Blank Call,"After 4 minutes and 14 seconds into the call, the entire call went blank. Clarity is required on this case, we are considering it a fatal blank call because the blank air duration exceeded 6 minutes.",https://recordings.exotel.com/exotelrecordings/pw6201/243b8fb7c90899e91a9b35bec98b1a69.mp3,"June 11, 2026",
6/30/2026 12:50:19,abhinav.rai1@pw.live,abhinav.rai1@pw.live,simran.sharma1@pw.live,nandini.agarwal@pw.live,IB PS,6/16/2026,6/15/2026,10:00:00 AM,12:25:00 AM,Fatal,103242256,Others,"Into the call, you were not sure about the class duration and pitch it as 2 hours. You also stated that we provide 4 hrs of doubt support and that mocks will be conducted before every school test. However, this information was incorrect and requires clarification.",https://recordings.exotel.com/exotelrecordings/pw6201/68b77fcd9c45c029d16364b264d01a6f.mp3,"June 17, 2026",
6/30/2026 12:54:47,abhinav.rai1@pw.live,abhinav.rai1@pw.live,zahina.ali@pw.live,nandini.agarwal@pw.live,IB PS,6/16/2026,6/14/2026,6:00:00 AM,12:48:00 AM,Fatal,1022059272,Others,"At 4 min 15 sec, an incorrect lecture duration was pitched, where it was communicated that one lecture is 55 mins. However, as per the actual data for the dropper batch, the lecture duration is 1 Hr 45 Mins.",https://recordings.exotel.com/exotelrecordings/pw6201/70c278427be547fac8363ad1c99a1a6e.mp3,"June 17, 2026",
6/30/2026 13:00:16,abhinav.rai1@pw.live,abhinav.rai1@pw.live,Shivansh.mehrotra@pw.live,wasil.khan@pw.live,IB PS,6/24/2026,6/23/2026,3:00:00 PM,12:41:00 AM,Fatal,39475872,Others," At 10 minutes and 24 seconds into the call, while explaining the installment details, you stated that the 2nd installment can be paid after 45 days from the class start date, which is incorrect information. The actual second installment duration is D + 42. ",https://recordings.exotel.com/exotelrecordings/pw6201/1c2b4178cddb9127bba03b7af4d81a6n.mp3,"June 25, 2026",
6/30/2026 17:21:06,aleena.qudeer@pw.live,aleena.qudeer@pw.live,sakshi.6@pw.live,alok.sharma@pw.live,OB,6/30/2026,6/27/2026,12:09:00 AM,3:09:00 AM,Fatal,68201472,Blank Call,student wanted to know if there was any VP in Hubli Karnataka but after talking for 6 mins call was kept on hold in order to check the infirmation and while student was waiting on the call it was disconnected by agent ,https://in21.leadsquared.com/OpportunityManagement/OpportunityDetails?opportunityId=32de9e3f-5705-44e2-b9e3-5149b68b8f3b&opportunityEvent=12000,30-6-2026,
7/2/2026 12:59:07,sheetal.mandhyan@pw.live,sheetal.mandhyan@pw.live,arshad.raza@pw.live,nidhi.tiwari1@pw.live,Super Pod,7/2/2026,6/30/2026,2:00:00 AM,12:21:00 AM,Fatal,35521888,Blank Call,Blank call of 2:21seconds and the counselor kept on saying hello hello,https://drive.google.com/file/d/1C-XyPhEdnkymUUWVYagOBLWz_NGEtca8/view?usp=sharing,07/02/2026,July
7/3/2026 10:15:45,aman.singh2@pw.live,aman.singh2@pw.live,kaushal.singh@pw.live,manthan.kalra@pw.live,IB,7/2/2026,6/30/2026,7:00:00 AM,12:18:00 AM,Fatal,622700911,Blank Call,complete blank call,https://drive.google.com/file/d/15Xk2i4q98ecEyXGUlXUDDDPjVCqgQ5jA/view?usp=drive_link,03 July 2026,July
7/3/2026 13:06:09,anjali.rathore2@pw.live,anjali.rathore2@pw.live,Somy.chawada@pw.live,mohit.kumar3@pw.live,DW,7/3/2026,7/2/2026,2:00:00 AM,12:22:00 AM,Warning,19695547,Others,call was disconnected bby AC,https://in21.leadsquared.com/LeadManagement/LeadDetails?LeadID=6a32c602-53a3-4ca2-8467-f869ba2e4666	https://in21.leadsquared.com/LeadManagement/LeadDetails?LeadID=dab14e1d-ee19-49bf-8612-3ea10f2772ad	https://in21.leadsquared.com/LeadManagement/LeadDetails?LeadID=e6dbe6b5-d59a-11ef-9b79-026b73c85ee1,3rd July,July
7/3/2026 14:53:28,sheetal.mandhyan@pw.live,sheetal.mandhyan@pw.live,afzal.2@pw.live,shivanshu.singh@pw.live,OB,7/3/2026,6/30/2026,2:00:00 AM,12:03:00 AM,Fatal,1056011752,Blank Call,The call was picked and transferred and said the person is not available on dialler but the counselor still kept the call going on,https://drive.google.com/file/d/1F71DozHjZRrDY0CXC40Q8aCQ2p2wQPCg/view?usp=sharing,07-03-2026,July
7/3/2026 19:02:07,sagar.sharma1@pw.live,sagar.sharma1@pw.live,anchal-kumari.pw.defence@futworkcallers.com,mohit.kumar3@pw.live,TC,6/4/2026,5/26/2026,10:00:00 PM,12:00:00 PM,Fatal,657109601,Others,"The counselor shared incorrect information regarding the Ghaziabad Indirapuram Tuition Center. She informed the parent that only a two-year program for Classes 9 and 10 was available. However, both the one-year Class 9 program and the two-year Class 9–10 program are available at the center.

As the parent was interested in the one-year Class 9 program, the incorrect information may have impacted the counseling experience and admission opportunity. The counselor should verify all program-related details before sharing them with parents to ensure accurate information is communicated at all times.",https://drive.google.com/file/d/1kqjgR9gReuO9QIrjktqT071Fzaxvx3uY/view,"Jun 4, 2026,",June
7/3/2026 19:05:47,sagar.sharma1@pw.live,sagar.sharma1@pw.live,rohit-rana.pw.defence@futworkcallers.com,mohit.kumar3@pw.live,TC,6/12/2026,6/10/2026,5:00:00 PM,12:47:00 PM,Fatal,120551596,Wrong fee after discount,"The counselor provided incorrect information regarding Ranchi Lalpur Vidyapeeth and Ranchi Hinoo Center for Class 8th. The parent clearly confirmed during the call that the student is in Class 8th; however, the counselor explained the fee structure for Class 10th at both PW centers.

The counselor stated that the fee for Ranchi Lalpur Center was ₹63,700, whereas the actual fee is ₹58,700.

For Ranchi Hinoo Center, the counselor explained the Class 8th fee as ₹40,999 after discount, whereas the actual discounted fee is ₹36,999.",https://drive.google.com/file/d/1fCdmInIYe71RP51gcDKP_s3XRcthAzz9/view,"Jun 15, 2026",June
7/7/2026 13:16:19,kritika.singh1@pw.live,kritika.singh1@pw.live,vipin.sharma1@pw.live,ravi.sharma11@pw.live,OB PS,7/1/2026,6/28/2026,7:00:00 PM,12:59:00 PM,Fatal,341810046,Wrong Fee,"The counselor provided incorrect information for Dropper NEET Sambalpur Batch Prime- 73688  after 40 % discount - 57696 fees is pitched wrong. 
The actual fee for Dropper NEET Sambalpur Batch Prime correct fees  is 76595 after 40% discount 59964. ","https://physicalwallahapp1.ameyoemerge.in:8443/ameyowebaccess/command?command=downloadVoiceLog&data={%27crtObjectId%27:%27d982-6a40346e-vce-142219%27,%27targetFormat%27:%27mp3%27}",07/07/26,July
7/7/2026 17:25:12,sheetal.mandhyan@pw.live,sheetal.mandhyan@pw.live,rahul.rohan@pw.live,Shivanshu.singh@pw.live,OB,7/7/2026,7/5/2026,5:00:00 AM,12:25:00 AM,Fatal,1081856957,Blank Call,The counselor wrote on the notes that is was voice issue- he was on hold for more than 3 mins and no one was speaking from the other side.,https://drive.google.com/file/d/1fxukKXA08tdda5rx7R0CQBVi9FKmwrw3/view?usp=sharing,07-07-2026,July
7/7/2026 19:09:56,tushar.tanpure@pw.live,tushar.tanpure@pw.live,disha.patel1@pw.live,burhan.rouf@pw.live,OB,7/7/2026,7/5/2026,5:00:00 AM,12:33:00 AM,Fatal,348968687,Blank Call,Starting of the call counsellor said hello Aniket voice aarahi hai but there was no response from Student end after that call was blank no conversation was there between student and counsellor,https://drive.google.com/file/d/1yDA0wClEkjzvpCAjJG86RFhLn5qOOzPy/view?usp=drive_link,07/07/2026,July
7/10/2026 10:09:20,devashree.bartaria@pw.live,devashree.bartaria@pw.live,vidushi.1@pw.live,manthan.kalra@pw.live,IB,7/8/2026,7/7/2026,9:00:00 AM,12:53:00 AM,Fatal,1089680685,Wrong Fee," Inaccuracy in the fee information provided by the counselor- The parent specifically inquired about the  fees for Class 10th for Bhopal VP. However, the counselor mistakenly quoted the fee for Class 8th (₹58,700) instead of the correct fee for Class 10th (₹70,200) .This represents a discrepancy in the information conveyed.",https://in21.leadsquared.com/OpportunityManagement/OpportunityDetails?opportunityId=03ba1eed-e08c-4e52-8908-126178ad7042&opportunityEvent=12000,10/07/2026,July
7/10/2026 12:16:35,anjali.rathore2@pw.live,anjali.rathore2@pw.live,csr204@coderootz.in,mohit.kumar3@pw.live,DW,7/10/2026,7/8/2026,2:00:00 AM,12:02:00 AM,Fatal,34426432 11661906 40167927,Blank Call,entire call is blank,https://in21.leadsquared.com/LeadManagement/LeadDetails?LeadID=5f97384f-a50e-4e8e-8498-468f679530ca https://in21.leadsquared.com/LeadManagement/LeadDetails?LeadID=e286a846-8760-496c-be37-1a79ea0b08f2,10th july,July
7/11/2026 10:28:28,anjali.rathore2@pw.live,anjali.rathore2@pw.live,Somy.chawada@pw.live,mohit.kumar3@pw.live,DW,7/11/2026,7/7/2026,5:00:00 AM,12:43:00 AM,Fatal,29834704,Blank Call,call is not disconnected on time,https://in21.leadsquared.com/LeadManagement/LeadDetails?LeadID=7ea65f23-672c-49bb-a4d3-de901f7a04ad,11th july,July
7/14/2026 9:44:51,anjali.rathore2@pw.live,anjali.rathore2@pw.live,Somy.chawada@pw.live,mohit.kumar3@pw.live,DW,7/14/2026,7/11/2026,8:00:00 AM,12:54:00 AM,Fatal,35757522 22381635,Wrong Fee,AC informed incorrect fees ,https://in21.leadsquared.com/LeadManagement/LeadDetails?LeadID=9babbf31-5553-4cb4-852a-6bd91078189f,14th july,July
7/14/2026 9:50:59,aleena.qudeer@pw.live,aleena.qudeer@pw.live,saloni.verma1@pw.live,komal.2@pw.live,IB,7/13/2026,7/13/2026,12:06:00 AM,4:09:00 AM,Fatal,319075335,Others,"This is to bring to your attention a fatal quality and compliance issue identified during the audit of your call.

It was observed that an incorrect online support number was shared with the student. The number provided was not an official Physics Wallah support number but a fraudulent/spam contact. As a result, the student contacted that number and proceeded to make a payment, leading to serious customer impact.

Sharing unverified or incorrect contact details is a critical breach of process that can result in financial loss, reputational damage, and a severe compromise of customer trust.

All support numbers and official contact details must be verified before communicating them to any prospect or student. Please ensure strict adherence to the approved communication process to prevent recurrence of such incidents.",https://in21.leadsquared.com/OpportunityManagement/OpportunityDetails?opportunityId=20601200-dd0a-404a-9cc7-ef0702260698&opportunityEvent=12000,07/13/2026,July
7/15/2026 19:39:31,tushar.tanpure@pw.live,tushar.tanpure@pw.live,sanket.thorat@pw.live,burhan.rouf@pw.live,OB,7/14/2026,7/15/2026,9:00:00 AM,12:40:00 AM,Fatal,980501364,Rude or Abusive Behviour,"During the call, the parent clearly informed you that she was unaware about student academic. Instead of professionally handling the situation by requesting a suitable callback with the student or another informed family member, you made an unacceptable and disrespectful statement by saying that the parent was ""lazy and uneducated"" for not knowing about the student's studies.",https://drive.google.com/file/d/1dso8X3_hPM_FTQLdtqPB2oRHqAaNhREt/view?usp=drive_link,15/07/2026,July
7/17/2026 13:43:12,anjali.rathore2@pw.live,anjali.rathore2@pw.live,kirti.5@pw.live,mohit.kumar3@pw.live,DW,7/16/2026,7/14/2026,5:00:00 AM,12:51:00 AM,Warning,32674360,Others,informed incorect information,https://in21.leadsquared.com/LeadManagement/LeadDetails?LeadID=1a7bdd79-e8d2-4ad6-b8f3-7917c89f17af,17th july,July
7/18/2026 11:00:18,anjali.rathore2@pw.live,anjali.rathore2@pw.live,csr204@coderootz.in,mohit.kumar3@pw.live,DW,7/18/2026,7/17/2026,6:00:00 AM,12:12:00 AM,Warning,13737155 40081010 29723511 10183071 16073747,Others,did not mark disposition,https://in21.leadsquared.com/LeadManagement/LeadDetails?LeadID=79a98fca-c2a9-40bb-af22-250d9712e6a9,18th july,July
7/18/2026 13:43:51,kritika.singh1@pw.live,kritika.singh1@pw.live,priya.gupta5@pw.live,ravi.sharma11@pw.live,OB PS,7/18/2026,7/16/2026,1:00:00 PM,12:08:00 AM,Fatal,1030385765,Wrong Fee," The counselor provided incorrect information at 6 minutes 35 seconds of the call regarding the 5 installments for the two-year course. 
","https://physicalwallahapp1.ameyoemerge.in:8443/ameyowebaccess/command?command=downloadVoiceLog&data={%27crtObjectId%27:%27d270-6a5809a6-vce-22792%27,%27targetFormat%27:%27mp3%27}",18/07/2026,July
7/18/2026 13:46:31,kritika.singh1@pw.live,kritika.singh1@pw.live,aashif.mohammad@pw.live,salman.hakak@pw.live,OB PS,7/17/2026,7/16/2026,2:00:00 AM,12:05:00 AM,Fatal,341799387,Blank Call,The counselor gave a BLANK CALL for 2 minutes 5 seconds. ,"https://physicalwallahapp1.ameyoemerge.in:8443/ameyowebaccess/command?command=downloadVoiceLog&data={%27crtObjectId%27:%27d270-6a5809a6-vce-483012%27,%27targetFormat%27:%27mp3%27}",18/07/2026,July
7/19/2026 23:32:58,yogendra.goswami@pw.live,yogendra.goswami@pw.live,vivek.kumar18@pw.live,alok.sharma@pw.live,OB,7/16/2026,7/14/2026,12:08:00 AM,12:50:00 AM,Fatal,999678523,Wrong Fee,"Counselor shared incorrect fee information for the Gorakhpur Center (Class 9). An approximate fee of ₹40,000–45,000 was communicated, whereas the correct fee is ₹61,200, and the fee after the applicable discount is ₹51,636",https://drive.google.com/file/d/1-kokh3QVnz5Uh9W1cU2ON9BTwaI0SAWZ/view?usp=drive_link,17/07/2026,July
7/21/2026 16:08:34,shivani.anand@pw.live,shivani.anand@pw.live,rohit.pandey3@pw.live,nidhi.tiwari1@pw.live,Super Pod,7/14/2026,7/13/2026,6:00:00 AM,12:52:00 AM,Fatal,https://in21.leadsquared.com/LeadManagement/LeadDetails?LeadID=b34d8188-210c-4a29-aaa9-7763226b4fe3,Others,"A fatal quality error was identified while explaining the fee structure. You informed the student that the second installment is payable after 45 days, whereas the correct payment timeline is 42 days.",https://in21.leadsquared.com/LeadManagement/LeadDetails?LeadID=b34d8188-210c-4a29-aaa9-7763226b4fe3,14/07/2027,July
7/21/2026 16:11:23,shivani.anand@pw.live, shivani.anand@pw.live,rohit.pandey3@pw.live,nidhi.tiwari1@pw.live,Super Pod,7/21/2026,7/20/2026,5:00:00 AM,12:08:00 AM,Fatal,https://in21.leadsquared.com/LeadManagement/LeadDetails?LeadID=aa698c35-b4ed-4545-b2b4-c94403aee27b,Blank Call,"t has been observed that from 8th June to 20th July, you have repeatedly made blank calls with no meaningful conversation taking place. These calls appear to have been made solely to maintain talk time, which is a serious violation of the organization's quality standards and call handling process.",https://in21.leadsquared.com/LeadManagement/LeadDetails?LeadID=aa698c35-b4ed-4545-b2b4-c94403aee27b,21/07/2026,July
7/24/2026 13:23:49,aleena.qudeer@pw.live,aleena.qudeer@pw.live,saloni.verma1@pw.live,komal.2@pw.live,IB,7/20/2026,7/18/2026,12:07:00 AM,4:06:00 AM,Fatal,737757063,Others,mentioned that we do not teach english to foundation student,https://in21.leadsquared.com/OpportunityManagement/OpportunityDetails?opportunityId=d529645d-481c-4128-a333-4d1218228c5f&opportunityEvent=12000,20/7/2026,July
7/24/2026 13:25:31,muskan.kumari1@pw.live,muskan.kumari1@pw.live,aman.rai1@pw.live,shubham.vishwakarma5@pw.live,OB PS,7/21/2026,7/19/2026,5:32:00 PM,5:32:00 PM,Fatal,https://in21.leadsquared.com/OpportunityManagement/OpportunityDetails?opportunityId=37719ffe-5182-4099-9515-4898275af7a3&opportunityEvent=12003,Center Availability,Pitched Library as a core offering (3:40)., https://drive.google.com/file/d/1sL2LQXETleDtYUZMFjyvdoRMFzvIWHzh/view?usp=drive_link,21/07/2026,July
7/24/2026 13:27:00,abhinav.rai1@pw.live,abhinav.rai1@pw.live,deepika.gupta@pw.live,wasil.khan@pw.live,IB PS,7/6/2026,7/5/2026,12:00:00 AM,12:07:00 AM,Fatal,https://in21.leadsquared.com/OpportunityManagement/OpportunityDetails?opportunityId=30b73d9f-8585-4be2-9f0c-efb646e6b612&opportunityEvent=12003,Others,"At 10 min 50 sec into the call, she said the second installment would be paid after 45 days. This is incorrect; the accurate duration is within 42 days, not after 45 days",https://recordings.exotel.com/exotelrecordings/pw6201/dabe7fa0d79577664afc8d1084c21a75.mp3," July 7, 2026",July
7/24/2026 13:30:03,abhinav.rai1@pw.live,abhinav.rai1@pw.live,Shivansh.mehrotra@pw.live,wasil.khan@pw.live,IB PS,7/14/2026,7/12/2026,12:00:00 AM,12:30:00 AM,Fatal,https://in21.leadsquared.com/OpportunityManagement/OpportunityDetails?opportunityId=f94ff4f5-7dd4-11f1-af1f-02bd9f2ebb6b&opportunityEvent=12003,Others,"At 5 minutes and 32 seconds into the call, you said the second installment would be paid after 42 days. This is incorrect; the accurate duration is within 42 days, not after 42 days",https://recordings.exotel.com/exotelrecordings/pw6201/7fd84d61e83793d6f5ad47443c101a7c.mp3,"July 16, 2026",July
7/24/2026 13:30:41,muskan.kumari1@pw.live,muskan.kumari1@pw.live,ankita.sinha@pw.live,ravi.sharma11@pw.live,OB PS,7/3/2026,6/30/2026,2:24:00 PM,2:24:00 PM,Fatal,https://in21.leadsquared.com/OpportunityManagement/OpportunityDetails?opportunityId=abe4c489-a399-4dc7-8b6d-46d2e7fc69b5&opportunityEvent=12003,Rude or Abusive Behviour,RUDE BEHAVIOUR, https://drive.google.com/file/d/1HH5YqzrAlMmFzQ9eAQ2Gb5JfQKBs7ePL/view?usp=drive_link,8/07/2026,July
7/24/2026 13:35:09,abhinav.rai1@pw.live,abhinav.rai1@pw.live,sanjana.gupta@pw.live,wasil.khan@pw.live,IB PS,7/14/2026,7/12/2026,5:00:00 AM,12:03:00 AM,Fatal,https://in21.leadsquared.com/OpportunityManagement/OpportunityDetails?opportunityId=0f552db0-c82e-4e41-a2ff-26cfb1949c67&opportunityEvent=12003,Blank Call,"After 1 minute and 45 seconds into the call, the entire call went blank.",https://recordings.exotel.com/exotelrecordings/pw6201/167128cab67449f16bebb8dedcde1a7c.mp3,"July 16, 2026",July
7/24/2026 13:35:19,anjali.rani1@pw.live,anjali.rani1@pw.live ,karan.thakur@pw.live,arvind.rana@pw.live,OB,7/23/2026,7/22/2026,5:36:00 AM,5:36:00 AM,Warning,1130536630,Blank Call,"There is no greetings, no intro, student was asking for online batches, no response from counselor side call was hold entire time, I consider as a fetal",https://in21.leadsquared.com/OpportunityManagement/OpportunityDetails?opportunityId=2f5508ce-5908-4ead-a491-66ee34e43229&opportunityEvent=12000,26/07/2026,July
7/24/2026 13:35:22,muskan.kumari1@pw.live,muskan.kumari1@pw.live,harsh.devdaliya@pw.live,shubham.vishwakarma5@pw.live,OB PS,7/2/2026,6/29/2026,8:07:00 AM,8:07:00 AM,Fatal,https://in21.leadsquared.com/OpportunityManagement/OpportunityDetails?opportunityId=11935883-6044-4b72-88da-168d6691653c&opportunityEvent=12003,Center Availability,presented Jamshedpur VP as the PS Centre,https://drive.google.com/file/d/1AUbgtxXwp3zQ7DaMBdBMzOUdDNA58eAU/view?usp=drive_link,08/07/2026,July
7/24/2026 13:55:18,abhinav.rai1@pw.live,abhinav.rai1@pw.live,rajat.chauhan@pw.live,wasil.khan@pw.live,IB PS,7/15/2026,7/14/2026,10:00:00 AM,12:21:00 AM,Fatal,https://in21.leadsquared.com/OpportunityManagement/OpportunityDetails?opportunityId=453fd494-de5f-4fc8-b96b-90779ef3724f&opportunityEvent=12003,Others,"At 8 minutes and 45 seconds into the call, you said the second installment would be paid after 42 days. This is incorrect; the accurate duration is within 42 days, not after 45 days. ",https://recordings.exotel.com/exotelrecordings/pw6201/22f0d3a199cff48c85af06e1e6401a7e.mp3," July 16, 2026",July
7/24/2026 14:00:28,abhinav.rai1@pw.live,abhinav.rai1@pw.live,hemant.pramanik@pw.live,wasil.khan@pw.live,IB PS,7/21/2026,7/20/2026,5:00:00 AM,12:16:00 AM,Fatal,https://in21.leadsquared.com/OpportunityManagement/OpportunityDetails?opportunityId=2622faf4-8409-11f1-af1f-02bd9f2ebb6b&opportunityEvent=12003,Others,"At 1 minute 35 seconds into the call, the AC agreed that the student would get library access.",https://recordings.exotel.com/exotelrecordings/pw6201/d3387c34d94c8b0d622674d9bbd21a7k.mp3,"July 22, 2026",July
7/25/2026 11:34:39,mariya.parween@pw.live,mariya.parween@pw.live,csr226@coderootz.in,aman.chopra@pw.live,OB,7/25/2026,7/21/2026,9:30:00 PM,9:30:00 PM,Fatal,1025390396,Blank Call,"counselor make a blank call around 9 mins  blank call,",https://mail.google.com/mail/u/0/#sent/KtbxLvhNSRpWprhBTtdRwQzgTzkGnqJPTL?projector=1&messagePartId=0.1,25/07/2026,July
7/25/2026 17:05:07,mariya.parween@pw.live,mariya.parween@pw.live,shubhanshu.tiwari@pw.live,aman.chopra@pw.live,OB,7/25/2026,7/20/2026,5:50:00 PM,5:50:00 PM,Warning,481780791,Others,"Last year, the student studied at the PW Offline Centre, Faridabad Sector 16, and secured an AIR of around 8 lakh due to health issues. Although the student initially showed interest in the online course, they also enquired about this year's offline fee. The AC showed low intent, did not share the offline fee despite being able to, and instead said the centre counselor would call the next day. Even after the student mentioned that their father might enroll them in the online batch the same day, the AC neither informed them about the offline fee nor made any effort to convince them to consider the offline program. Overall, proper counseling and ownership were lacking.",https://mail.google.com/mail/u/0/#sent/QgrcJHsNmtMtVtLXBhkpmgFBXlPZknjJTbB?projector=1&messagePartId=0.1,25/07/2026,July
7/25/2026 20:38:20,riya.2@pw.live,riya.2@pw.live,anchtee.khatari@pw.live,purvish.joshi@pw.live,OB PS,7/25/2026,7/25/2026,12:30:00 AM,12:04:00 AM,Fatal,505597877,Others,False Commitment of Trial Classes: Counselor offered trial classes to the student even though trial classes are not part of our current offerings. ,https://drive.google.com/file/d/1xb_AJAH3dNpRbO6pqnyQ8EVM72OFjxLS/view?usp=drive_link,25/07/2026,July
7/25/2026 20:42:23,riya.2@pw.live,riya.2@pw.live,anchtee.khatari@pw.live,purvish.joshi@pw.live,OB PS,7/25/2026,7/24/2026,12:05:00 AM,12:42:00 AM,Fatal,https://in21.leadsquared.com/OpportunityManagement/OpportunityDetails?opportunityId=feacde68-4d84-415e-b024-9cb7847a0729&opportunityEvent=12003,Others,"Misrepresentation of Facilities: Counselor informed the student that a library facility is available at the Pathshala, whereas no such facility is offered. ",https://drive.google.com/file/d/1knRfGtaoQr5lD7Y1Z8gF0RPc2qxsh9sO/view?usp=drive_link,25/07/2026,July
7/25/2026 20:47:14,riya.2@pw.live,riya.2@pw.live,anchtee.khatari@pw.live,purvish.joshi@pw.live,OB PS,7/8/2026,7/7/2026,12:06:00 AM,12:40:00 AM,Fatal,https://in21.leadsquared.com/OpportunityManagement/OpportunityDetails?opportunityId=8e3be9cd-383c-47b4-ad8e-d97039de83f0&opportunityEvent=12003,Center Availability,"Incorrect Branch Information: Counselor stated that a Pathshala is available in Sultanpur, despite no Pathshala being operational at this location. ",https://drive.google.com/file/d/1G6l5AdrurJbjb0sEjS94h3BDvtPCbO1-/view?usp=drive_link,25/07/2026,July
7/25/2026 21:23:09,riya.2@pw.live,riya.2@pw.live,atul.raghuwanshi@pw.live,purvish.joshi@pw.live,OB PS,7/22/2026,7/21/2026,12:07:00 AM,12:51:00 AM,Fatal,https://in21.leadsquared.com/OpportunityManagement/OpportunityDetails?opportunityId=a927d61e-fbb0-41bf-a50a-ad8fcc4ed97f&opportunityEvent=12003,Others,"Description:- At 4 minutes and 18 seconds into the call, counselor informed the student that a library facility is available at the Pathshala Batch Prime, whereas no such facility is offered.",https://drive.google.com/file/d/1XPBReSOxw3a6yGecC3cmYexvzoi90-V3/view?usp=drive_link,25/07/2026,July
7/27/2026 16:46:55,anjali.rathore2@pw.live,anjali.rathore2@pw.live,csr203@coderootz.in,mohit.kumar3@pw.live,DW,7/27/2026,7/20/2026,9:00:00 AM,12:10:00 AM,Fatal,42601543,Others,"connected to learner, NDA, distance issue, interested online, informed wrong number of attempt",https://in21.leadsquared.com/LeadManagement/LeadDetails?LeadID=5abf0469-e437-40db-aa84-743ff8190293,27th july,July
7/28/2026 20:27:24,riya.2@pw.live,riya.2@pw.live,laraib.khan@pw.live,purvish.joshi@pw.live,OB PS,7/28/2026,7/27/2026,12:08:00 AM,12:06:00 AM,Fatal,1100104765,Others," At 4 minutes and 46 seconds into the call, counselor offered ""DEMO CLASSES AVAILABLE AFTER REGISTRATION"" to the student's father, even though trial/ demo classes are not part of our current offerings. ",https://drive.google.com/file/d/1Zjp6bNaw5bGzsLRjMDJ45tt4uVOhlhtG/view?usp=drive_link,28/07/2026,July
7/29/2026 12:40:33,kritika.singh1@pw.live,kritika.singh1@pw.live,mantasha.malik@pw.live,salman.hakak@pw.live,OB PS,7/29/2026,7/28/2026,10:00:00 AM,12:48:00 AM,Fatal,944975354,Wrong Fee,"At 7 minutes 5 seconds the fee was pitched as ₹1,01,040 and  then it was pitched as  ₹1,33,900 this is also wrong, this fee is for NEET 11th.
At 7 minutes 26 seconds counselor mentioned to pay in 6 installments. ",https://in21.leadsquared.com/OpportunityManagement/OpportunityDetails?opportunityId=fe92b0cc-6bb7-4adc-b949-7d17096f643d&opportunityEvent=12003,29/07/2026,July
7/29/2026 12:42:33,kritika.singh1@pw.live,kritika.singh1@pw.live, mantasha.malik@pw.live,salman.hakak@pw.live,OB PS,7/28/2026,7/24/2026,10:00:00 AM,12:47:00 AM,Fatal,313313033,Wrong Fee,"At 8 minutes 50 seconds,  counselor gave incorrect information about the installment breakdown. This was pitched incorrectly, as the fees do not have to be paid all at once; they can be paid over two to three months.  ",https://in21.leadsquared.com/OpportunityManagement/OpportunityDetails?opportunityId=c93fb70a-613f-4224-ba1e-0a32581cf86c&opportunityEvent=12003,28/07/2026,July
7/30/2026 14:21:46,sheetal.mandhyan@pw.live,sheetal.mandhyan@pw.live,afzal.2@pw.live,Shivanshu.singh@pw.live,OB,7/30/2026,7/29/2026,8:00:00 AM,12:11:00 AM,Fatal,1115084438,Others,The counselor passed on incorrect information on the call and said the online fees of 8-9k would be adjusted and you need to pay only around 65k for the entire course after discount.,https://drive.google.com/file/d/1HRI5UdRGnzWybOxdulxaJ8PdGJ6wFG_p/view?usp=sharing,30-07-2026,July
7/30/2026 16:45:07,devashree.bartaria@pw.live,devashree.bartaria@pw.live,vidushi.1@pw.live,manthan.kalra@pw.live,IB,7/29/2026,7/28/2026,11:00:00 AM,12:37:00 AM,Fatal,1076928123,Others,"The counselor provided incorrect information regarding the payment structure for the 2-year course. Per official guidelines, the fee for the 2 Years course for Vidyapeeth must be paid in 4 installments, but a 2-installment plan was pitched instead, which is  incomplete & wrong information.",https://in21.leadsquared.com/OpportunityManagement/OpportunityDetails?opportunityId=6e66946c-09c7-401a-b1f4-d57a4014a204&opportunityEvent=12000,30 July 2026,July
7/30/2026 17:01:54,devashree.bartaria@pw.live,devashree.bartaria@pw.live,csr216@coderootz.in,pravin.yadav@pw.live,IB,7/30/2026,7/29/2026,11:00:00 AM,12:07:00 AM,Fatal,1147890317,Others," The counselor pitched incorrect details regarding the registration fee for Pathshala. Although it was clearly mentioned not to share the finance details of PS , the counselor offered Pathshala and quoted a registration fee of ₹15,000 instead of the standard ₹10,000. Communicating inaccurate fees misleads students about center payments and creates operational issues.",https://in21.leadsquared.com/OpportunityManagement/OpportunityDetails?opportunityId=9c3de121-c35c-477f-b3a1-1b83c7ac91c1&opportunityEvent=12000,30 July 2026,July
7/30/2026 19:30:06,tushar.tanpure@pw.live,tushar.tanpure@pw.live,aman.bhatnagar@pw.live,burhan.rouf@pw.live,OB,7/30/2026,7/27/2026,11:00:00 AM,12:40:00 AM,Fatal,835234069,Blank Call,Student was having online query; the counsellor only tried to resolve it and then put the call on hold after 5:30 minutes. There was no further discussion until the student disconnected the call,https://drive.google.com/file/d/1EKYa_-ijPzdjrtzbqb0xyPrBJbjhtQbU/view?usp=drive_link,30/07/2026,July
7/31/2026 10:19:50,kritika.singh1@pw.live,kritika.singh1@pw.live,vipin.sharma1@pw.live,ravi.sharma11@pw.live,OB PS,7/30/2026,7/29/2026,6:00:00 AM,12:18:00 AM,Fatal,1135732743,Wrong Fee,"The counselor provided incorrect information regarding the fee for class 11th NEET Aurangabad - 1,07,363 after discount. ",https://in21.leadsquared.com/OpportunityManagement/OpportunityDetails?opportunityId=afd1c3e2-28ac-48e0-87ac-eefdc11b4e29&opportunityEvent=12003,31/07/2026,July
7/31/2026 10:22:10,anjali.rathore2@pw.live,anjali.rathore2@pw.live,csr204@coderootz.in,mohit.kumar3@pw.live,DW,7/31/2026,7/29/2026,2:00:00 AM,12:30:00 AM,Warning,43893098,Others,disconnected by counsellor,43893098,31st july,July
7/31/2026 20:58:35,abhinav.rai1@pw.live,abhinav.rai1@pw.live,sanjana.gupta@pw.live,wasil.khan@pw.live,IB PS,7/23/2026,7/22/2026,5:00:00 AM,12:48:00 AM,Fatal,1130059909,Blank Call,"After 2 minutes and 35 seconds into the call, the conversation became completely blank because the call had ended from the counselor's side but was not properly disconnected, causing the talk time to extend beyond 5 minutes. This is the second occurrence of the same issue within the same month, despite the counselor already being informed after the first incident.",https://recordings.exotel.com/exotelrecordings/pw6201/8a4f13a00ebcbdf4c5b878066fde1a7m.mp3,"July 25, 2026",July
8/1/2026 10:43:36,sagar.sharma1@pw.live,sagar.sharma1@pw.live,tanbir.ansari@pw.live,mohit.kumar3@pw.live,TC,7/16/2026,7/15/2026,11:00:00 PM,12:28:00 AM,Fatal,1110163194,Wrong Fee,"Counselor provided incorrect information regarding the Nashik Vidhyapeeth Class 12 JEE fee. The counselor informed the parent that the fee was ₹154,700, whereas the actual fee for the Nashik Vidhyapeeth center is ₹119,700. Before explaining the fee to parents and students, the counselor should cross-check the fee structure to ensure accurate information is provided.",https://recordings.exotel.com/exotelrecordings/pw6201/38949975d8a49421b6ef7bf952981a7f.mp3,16/june/2026,July
8/1/2026 10:48:39,sagar.sharma1@pw.live,sagar.sharma1@pw.live,tanbir.ansari@pw.live,mohit.kumar3@pw.live,TC,7/2/2026,7/30/2026,10:00:00 AM,12:49:00 AM,Fatal,897013929,Others,"time stamp 8:25 to 09:05  - counselor needs to provide accurate fee discount information. For the JEE Dropper class at the Indore Bhawarkuan Center, the applicable discount is 35%, but the counselor incorrectly communicated a 40% discount.",https://f48408aca73d471bd91dfa08dcc14230.r2.cloudflarestorage.com/convin-physicswallah-apac-media/meeting/2318775/recorded_media.mp3?X-Amz-Algorithm=AWS4-HMAC-SHA256&X-Amz-Credential=db0a9497ecbc24031d7637a976c9afab%2F20260801%2Fauto%2Fs3%2Faws4_request&X-Amz-Date=20260801T051418Z&X-Amz-Expires=86400&X-Amz-SignedHeaders=host&x-id=GetObject&X-Amz-Signature=55f2d01502ce46fbb42a315f8ba98cb96434e18293c47390341419e07c353adc,02/07/2026,July
8/1/2026 10:55:11,sagar.sharma1@pw.live,sagar.sharma1@pw.live,kishan.kumar3@pw.live,mohit.kumar3@pw.live,TC,7/14/2026,7/12/2026,5:06:00 AM,12:06:00 AM,Fatal,998395971,Blank Call,"counselor needs to avoid dead air and blank calls. If the parent does not respond, the call should be closed within 15–20 seconds instead of being unnecessarily prolonged.",https://drive.google.com/file/d/16_prqiQbu-9DW8e7x1I7xbiyLfhzo-Tn/view,"Jul ,20, 2026",July
8/1/2026 14:55:42,kritika.singh1@pw.live,kritika.singh1@pw.live,vipin.sharma1@pw.live,ravi.sharma11@pw.live,OB PS,7/31/2026,7/30/2026,6:00:00 AM,12:18:00 AM,Fatal,1135732743,Wrong Fee,"The counselor provided incorrect information regarding the fee for class 11th NEET Aurangabad - 1,07,363 after discount. ", https://in21.leadsquared.com/OpportunityManagement/OpportunityDetails?opportunityId=afd1c3e2-28ac-48e0-87ac-eefdc11b4e29&opportunityEvent=12003,31/07/2026,July
8/1/2026 14:58:55,kritika.singh1@pw.live,kritika.singh1@pw.live,simran.sharma1@pw.live,salman.hakak@pw.live,OB PS,7/31/2026,8/1/2026,2:00:00 AM,12:06:00 AM,Fatal,91319717,Blank Call,blank call ,https://in21.leadsquared.com/OpportunityManagement/OpportunityDetails?opportunityId=e399ebe9-b04a-4df2-8801-366d185b41b4&opportunityEvent=12003,01/07/2026,July
8/1/2026 15:01:45,muskan.kumari1@pw.live,muskan.kumari1@pw.live,sandeep.jha@pw.live,ravi.sharma11@pw.live,OB PS,8/9/2026,8/8/2026,5:55:00 AM,5:55:00 AM,Fatal,609292664,Blank Call,The call lasted 5 mins 55 secs and part of the call was blank which falls under ZTP,: https://drive.google.com/file/d/1nFbh55pVzNVAmsO3F7fT_bk3KWPVO3pK/view?usp=drive_link,31/07/2026,August
8/1/2026 15:08:36,muskan.kumari1@pw.live,muskan.kumari1@pw.live,aman.rai1@pw.live,shubham.vishwakarma5@pw.live,OB PS,8/29/2026,8/28/2026,5:25:00 AM,5:25:00 AM,Fatal,1139799465,Center Availability, pitched the Silchar centre as PS, https://drive.google.com/file/d/1_UB-xvA8sHsjRUFD4JzicqGsjUPAo5Rm/view?usp=drive_link,31/07/2026,August
8/1/2026 15:13:28,muskan.kumari1@pw.live,muskan.kumari1@pw.live,aman.rai1@pw.live,shubham.vishwakarma5@pw.live,OB PS,8/14/2026,8/8/2026,5:27:00 AM,5:27:00 AM,Fatal,1088576492,Center Availability, pitched Mau as PS centre (4:45-5:00)., https://drive.google.com/file/d/1dY2IuxJtW4xi2fif0rFC4SDopyRPYlft/view?usp=drive_link,31/07/2026,August
8/3/2026 9:17:34,shivani.anand@pw.live,shivani.anand@pw.live,khushi.maheshwari@pw.live,nidhi.tiwari1@pw.live,Super Pod,8/1/2026,7/31/2026,6:00:00 AM,12:59:00 AM,Fatal,https://in21.leadsquared.com/LeadManagement/LeadDetails?LeadID=e54c7937-ea94-4940-80a8-0da87efecc0d,Blank Call,full call was blank ,https://in21.leadsquared.com/LeadManagement/LeadDetails?LeadID=e54c7937-ea94-4940-80a8-0da87efecc0d,03?08/2026,August
8/3/2026 16:30:25,tushar.tanpure@pw.live,tushar.tanpure@pw.live,aman.bhatnagar@pw.live,burhan.rouf@pw.live,OB,8/3/2026,8/1/2026,8:00:00 AM,12:40:00 AM,Fatal,1109488002,Blank Call,Call was totally blank and call was disconnected by student side at end and junk.,https://drive.google.com/file/d/1-CMwyrFUlcGBuWBsLkR6YcfpVgQ4C5TO/view?usp=drive_link,03/08/2026,August
8/3/2026 16:32:33,tushar.tanpure@pw.live,tushar.tanpure@pw.live,aman.bhatnagar@pw.live,burhan.rouf@pw.live,OB,8/3/2026,8/2/2026,8:00:00 AM,12:39:00 AM,Fatal,1103208806,Blank Call,"For the first minute, there was a conversation where the father mentioned they paid ₹4000. After that, there was no further discussion; the call went blank until DBL, and the wrong disposition was marked in LS.",https://drive.google.com/file/d/1dsUuGDljDP1WsyGlcGGhsHQVLMlSACT9/view?usp=drive_link,03/08/2026,August
8/3/2026 22:50:42,devashree.bartaria@pw.live,devashree.bartaria@pw.live,mahawas.zeya@pw.live,pravin.yadav@pw.live,IB,8/3/2026,8/2/2026,7:00:00 AM,12:07:00 AM,Fatal,1160054926,Rude or Abusive Behviour,"It has come to our attention that during a recent call with an Ex- Vidyapeeth student, you engaged in a heated argument, used a remarkably rude tone, and failed to guide them properly.
This behavior is completely unacceptable and directly violates our organizational standards. 
Misbehaving with students or parents severely damages our goodwill and will not be tolerated.
Consider this email a strict warning. You must maintain professionalism, patience, and politeness in every interaction going forward.",https://in21.leadsquared.com/OpportunityManagement/OpportunityDetails?opportunityId=e61554f8-7b9a-43ba-ac95-6b41389f6ccc&opportunityEvent=12000,4 August 2026,August
8/7/2026 11:27:30,shivani.anand@pw.live,shivani.anand@pw.live,anusri.thakur@pw.live,bhawna.tomar@pw.live,OB,8/7/2026,8/6/2026,6:00:00 PM,12:16:00 AM,Fatal,https://in21.leadsquared.com/LeadManagement/LeadDetails?LeadID=7e2ee79a-a4dc-4432-8d33-5c83d440ac4b,Others,"he lead had already taken admission on 6th August, and counselor made two calls to the same lead on the same date.

During the 4 min 16 sec call, the lead clearly mentioned that he had already taken admission at the Vidyapeeth Offline Center. Despite having this information, another call of 18 min 12 sec was made on the same after-admission lead, resulting in unnecessary talk time.",https://mail.google.com/mail/u/0?ui=2&ik=d855527cb4&attid=0.1&permmsgid=msg-a:r3229855542598361183&th=19fdac799d95f12b&view=att&disp=safe&realattid=f_msiil4xg0&zw,07/08/2026,August
8/7/2026 12:47:00,nidhi.chaudhary@pw.live,nidhi.chaudhary@pw.live ,mohd.alam1@pw.live,sonu.kushwaha@pw.live,OB,8/7/2026,7/30/2026,2:00:00 AM,12:00:00 PM,Fatal,1143853404,Rude or Abusive Behviour,student was not interested to talk but AC behaved in a very rude and unprofessional way which was not neccessary at all. AC could have ended the call .,https://drive.google.com/file/d/1AynlVlbA8_5FkELVqcb4sixLzO1q4Usv/view?usp=sharing,7th aug 2026,August
8/8/2026 11:49:11,anjali.rathore2@pw.live,anjali.rathore2@pw.live,csr204@coderootz.in,mohit.kumar3@pw.live,DW,8/8/2026,8/6/2026,6:00:00 AM,12:01:00 AM,Fatal,32760111,Others,informed wrong attempt,https://in21.leadsquared.com/LeadManagement/LeadDetails?LeadID=c7ee8dac-b731-4d31-a8cd-99b554049d99,8th august,August
8/17/2026 17:37:18,anjali.rathore2@pw.live,anjali.rathore2@pw.live,rajinder.kaur@pw.live,mohit.kumar3@pw.live,DW,8/17/2026,8/15/2026,7:00:00 AM,12:07:00 AM,Warning,37514441,Others,AC disconnected the call in between the conversation,https://in21.leadsquared.com/LeadManagement/LeadDetails?LeadID=a070028e-6ae8-4171-97e4-6b26def6af7d,17th Aug,August
8/18/2026 13:47:53,sheetal.mandhyan@pw.live,sheetal.mandhyan@pw.live,rajat.yadav1@pw.live,vijay.rana@pw.live,Super Pod,8/18/2026,8/16/2026,5:00:00 AM,12:29:00 AM,Fatal,1123699209,Others,the counselor  was giving his personal number on the call with the customer,https://drive.google.com/file/d/1ADXptlKH4AP--yArmPD2LDFuZoLs9rqj/view?usp=sharing,18-07-2026,August
8/18/2026 16:48:58,shivani.anand@pw.live, shivani.anand@pw.live,piyush.sah@pw.live,vijay.rana@pw.live,Super Pod,8/18/2026,8/12/2026,10:00:00 PM,12:09:00 AM,Fatal,https://in21.leadsquared.com/LeadManagement/LeadDetails?LeadID=6d797917-9662-11f1-af1f-02bd9f2ebb6b,Blank Call,"It was observed that the entire call was completely blank from start to end. There was no voice, conversation, or interaction from either the counselor’s end or the lead’s end throughout the call.",https://in21.leadsquared.com/LeadManagement/LeadDetails?LeadID=6d797917-9662-11f1-af1f-02bd9f2ebb6b,18-06-2026,August
8/18/2026 16:51:50,shivani.anand@pw.live,shivani.anand@pw.live,vikash.kumar18@pw.live,vijay.rana@pw.live,Super Pod,8/18/2026,8/17/2026,9:00:00 AM,12:49:00 AM,Fatal,https://in21.leadsquared.com/LeadManagement/LeadDetails?LeadID=26e77c86-d59c-11ef-9b79-026b73c85ee1,Blank Call,"It was observed that throughout the entire call, from the beginning until the call ended, the call remained on hold. There was no voice or conversation from either the lead’s end or the counselor’s end. No productive interaction took place during the call.",https://in21.leadsquared.com/LeadManagement/LeadDetails?LeadID=26e77c86-d59c-11ef-9b79-026b73c85ee1,18-08-2026,August
8/22/2026 14:13:43,shivani.anand@pw.live,shivani.anand@pw.live,muhammed.anas@pw.live,vijay.rana@pw.live,Super Pod,8/22/2026,8/21/2026,5:00:00 AM,12:09:00 AM,Fatal,https://in21.leadsquared.com/LeadManagement/LeadDetails?LeadID=ba92dac5-d7e2-11f0-ba48-0a63dfaef849,Blank Call,"throughout the entire call, from the beginning until the call ended, the call remained on hold. There was no voice or conversation from either the lead’s end or the counselor’s end",https://in21.leadsquared.com/LeadManagement/LeadDetails?LeadID=ba92dac5-d7e2-11f0-ba48-0a63dfaef849,22-08-2026,August
8/24/2026 21:22:39,rajitha.musturu@pw.live,rajitha.musturu@pw.live,k.bharathi@pw.live,aswathy.nair@pw.live,IB,8/24/2026,8/16/2026,5:00:00 AM,12:12:00 AM,Warning,802247520,Others,"Spoke with Student/ looking for NEET dropper/Old student, student is from 2016 Batch and now trying for NEET dropper/ informed about classes with timings and batches/ pitched batch start date/ informed about Fee details with EMI/ pushed for centre visit/ Student said will visit soon on same day and closed.  (@00:50 AC informed that only 6 attempts will be available for NEET)",https://recordings.exotel.com/exotelrecordings/pw6201/153ac097c5cf4884c72c68fbab7b1a8g.mp3,24-08-2026,August
8/29/2026 15:21:48,anjali.rathore2@pw.live,anjali.rathore2@pw.live,csr203@coderootz.in,mohit.kumar3@pw.live,DW,8/29/2026,8/25/2026,8:00:00 AM,12:08:00 AM,Fatal,45681423,Blank Call,entire call is blank,https://in21.leadsquared.com/LeadManagement/LeadDetails?LeadID=644881f2-f368-4c59-9167-50b3ad68bba2,29th aug,August
8/30/2026 19:18:02,muskan.kumari1@pw.live,muskan.kumari1@pw.live,kirti.jagtap@pw.live,wasil.khan@pw.live,IB PS,8/27/2026,8/26/2026,5:13:00 AM,5:13:00 AM,Fatal,889266803,Blank Call,The call lasted 5 mins 13 secs and the segment from 1:35 to 5:13 was blank, https://drive.google.com/file/d/1-87hZOijqmy4goqUCtSGxoyXZwQrhDDM/view?usp=drive_link,30/08/26,August
8/30/2026 19:22:00,muskan.kumari1@pw.live,muskan.kumari1@pw.live,aman.rai1@pw.live,wasil.khan@pw.live,IB PS,8/13/2026,8/7/2026,8:28:00 AM,8:28:00 AM,Fatal,1175148187,Wrong Fee,pitched the Library as a core offering (4:50 - 5:00) and pitched JEE course fees instead of NEET course fees (6:45 - 8:27),https://drive.google.com/file/d/1RetYl2Izgp8WhZHWvNMu3U3LKI7UNCvy/view?usp=drive_link,30/08/26,August
8/30/2026 19:28:30,muskan.kumari1@pw.live,muskan.kumari1@pw.live,chandrahash.sonkar@pw.live,wasil.khan@pw.live,IB PS,8/5/2026,8/2/2026,8:21:00 AM,8:21:00 AM,Fatal,1161796929,Others,pitched the Major Minor test to the foundation student,https://drive.google.com/file/d/1_xShO1jnIl0x_v00EJ2srVxKj3FkfGbk/view?usp=drive_link,30/08/26,August
8/31/2026 15:27:56,abhinav.rai1@pw.live,abhinav.rai1@pw.live,pooja.kumari7@pw.live,salman.hakak@pw.live,OB PS,8/6/2026,8/4/2026,11:00:00 AM,12:00:00 AM,Fatal,899786959,Center Availability,"At 7 min 15 sec, you asked the learner to visit the VP Iskon Temple center for the Batch Prime program, whereas the correct PS center is 3rd & 4th Floor, Ashiana Mahendra Enclave, Saguna Khagaul Road, Opp. Ananya Tata Motors, Kaliket Nagar, Patna, Bihar – 800001. You incorrectly referred to the Iskon Temple center instead of the designated PS center. ",https://drive.google.com/file/d/1M4HSoj6DGeDyoL1lbcj61ExP30qI93fy/view?usp=sharing,"Aug 7, 2026",August
8/31/2026 15:37:26,abhinav.rai1@pw.live,abhinav.rai1@pw.live,pooja.kumari7@pw.live,salman.hakak@pw.live,OB PS,8/11/2026,8/7/2026,8:00:00 AM,12:19:00 AM,Fatal,925931278,Others,"At 5 minutes and 40 seconds into the call, you stated that for the Prime Batch, the student could come to the center at 8 AM and stay there until 8 PM and study there for the entire day as per their convenience.",https://drive.google.com/file/d/1qChcC7aTh6gpoXRNKnaXPrnRo2HiwnF3/view?usp=sharing,"Aug 13, 2026",August
8/31/2026 15:42:16,abhinav.rai1@pw.live,abhinav.rai1@pw.live,praveen.patel@pw.live,salman.hakak@pw.live,OB PS,8/10/2026,8/7/2026,5:00:00 AM,12:43:00 AM,Fatal,1170609574,Others,"At 4 minutes into the call, you casually quoted the fee as ₹50,000, whereas the actual fee after discount for the NEET Dropper batch at Saharsa PS is ₹52,155. Therefore, incorrect fee information was communicated to the student. Additionally, at 5 minutes 3 seconds, you pitched the library facility, which is also incorrect information. Hence, two incorrect details were communicated during the same call.",https://drive.google.com/file/d/1eiUmASD17ZNqe_y75-eSIzuGBfJLoziB/view?usp=sharing,"Aug 13, 2026",August
8/31/2026 15:46:38,abhinav.rai1@pw.live,abhinav.rai1@pw.live,ritu.kumari1@pw.live,salman.hakak@pw.live,OB PS,8/20/2026,8/19/2026,7:00:00 AM,12:09:00 AM,Fatal,558846425,Center Availability,"At 6 minutes and 20 seconds into the call, you stated that the student could check Faridabad VP because Batch Prime is also available at the VP, this information is incorrect.",https://drive.google.com/file/d/1wbWQ1L522WJKIx3C5lzxLM2ljzTmix4r/view?usp=sharing," Aug 21, 2026",August
8/31/2026 15:52:09,abhinav.rai1@pw.live,abhinav.rai1@pw.live,alisha.khan2@pw.live,salman.hakak@pw.live,OB PS,8/24/2026,8/23/2026,10:00:00 AM,12:26:00 AM,Fatal,562163717,Center Availability,"At 4 minutes 25 seconds, you stated that we have a center in Sagar. However, at 4 minutes 52 seconds, you stated that we currently do not have any center in Sagar, but we do have a PS center in Sagar. The AC provided incorrect information.",https://drive.google.com/file/d/1l8vzfURvauyimwPXCoxyQ8R4Pjv3W7v2/view?usp=sharing," Aug 26, 2026",August
9/1/2026 18:03:24,sagar.sharma1@pw.live,sagar.sharma1@pw.live,nitin.yadav1@pw.live,mohit.kumar3@pw.live,TC,8/3/2026,8/31/2026,12:00:00 AM,12:59:00 AM,Fatal,1149059007,Wrong Fee,"Counselor explained the incorrect fee structure for the Class 10 Velocity Batch at the Mumbai Thane Vidhyapeeth Center. The counselor informed the parent that the fee was ₹90,000, whereas the actual fee is ₹86,700. The counselor should cross-check the fee structure before explaining it to parents and students to ensure accurate information is communicated.",https://drive.google.com/file/d/1W8pKhAyVCJlTjTo9J0fqIHmX61Jd_YLz/view,11-08-2026,August
9/2/2026 10:18:07,anjali.rathore2@pw.live,anjali.rathore2@pw.live,bushra.chaudhary@pw.live,mohit.kumar3@pw.live,DW,9/1/2026,8/30/2026,9:00:00 AM,12:55:00 AM,Warning,"44580165, 23020878, 42927103",Others,call was disconnected by counsellor,https://in21.leadsquared.com/LeadManagement/LeadDetails?LeadID=59c8a60e-cc08-487d-b744-932bf49a9942,2nd sept,September
9/2/2026 13:23:31,anjali.rathore2@pw.live,anjali.rathore2@pw.live,simran.bano@pw.live,mohit.kumar3@pw.live,DW,9/2/2026,9/1/2026,7:00:00 AM,12:32:00 AM,Warning,13183941,Blank Call,call was on hold for 5 minutes,https://in21.leadsquared.com/LeadManagement/LeadDetails?LeadID=5e964e8f-4f89-453b-8e0e-afdb656a858a,2nd sept,September
9/3/2026 12:03:12,muskan.kumari1@pw.live,muskan.kumari1@pw.live,rajat.seth@pw.live,wasil.khan@pw.live,IB PS,9/18/2026,8/14/2026,10:17:00 AM,10:17:00 AM,Fatal,1192249246,Blank Call,The call lasted 10 mins 17 secs and the segment from 8:32 to 10:16 was blank ,https://drive.google.com/file/d/1kcF203yV7p1lWRyXaABz8GMGmAPzs5on/view?usp=drive_link,31/08/26,September
9/3/2026 12:03:32,manisha.singh@pw.live,manisha.singh@pw.live,Pooja.parashar@pw.live,rishabh.raj1@pw.live,OB,8/22/2026,8/21/2026,8:38:00 AM,8:38:00 AM,Fatal,42200415,Blank Call,it was not disconnected after completion,https://in21.leadsquared.com/OpportunityManagement/OpportunityDetails?opportunityId=a41e337c-356d-476e-b1e1-59d0def3d5f5&opportunityEvent=12000,25/08/2026,August
9/3/2026 12:05:54,muskan.kumari1@pw.live,muskan.kumari1@pw.live,rajat.seth@pw.live,wasil.khan@pw.live,IB PS,8/31/2026,8/16/2026,5:08:00 AM,5:08:00 AM,Fatal,1197412865,Blank Call,he call lasted 05 mins 08 secs and the segment from 3:20 to 5:08 was blank ,https://drive.google.com/file/d/1aVDaBorgslAR0TR8t7Pk23w2T7gUSQvc/view?usp=drive_link,31/8/26,August
9/3/2026 12:06:20,manisha.singh@pw.live,manisha.singh@pw.live,pushkar.mishra1@pw.live,rishabh.raj1@pw.live,OB,8/25/2026,8/24/2026,2:37:00 PM,2:37:00 PM,Fatal,63864610,Blank Call,it was not disconnected after completion,https://in21.leadsquared.com/OpportunityManagement/OpportunityDetails?opportunityId=79ccabb9-a2ae-424a-960b-f69aec62d86f&opportunityEvent=12000,25/08/2026,August
9/9/2026 11:25:43,anjali.rathore2@pw.live,anjali.rathore2@pw.live,kahkasha.hilal@pw.live,mohit.kumar3@pw.live,DW,9/9/2026,9/7/2026,6:00:00 AM,12:45:00 AM,Fatal,22323998,Blank Call,entire call is blank,https://in21.leadsquared.com/LeadManagement/LeadDetails?LeadID=f8e56ab4-9ab4-4c8a-a6fa-f71c2e02c894,9th sept,September
9/9/2026 11:47:59,sheetal.mandhyan@pw.live,sheetal.mandhyan@pw.live,bishal.barua@pw.live,avnish.singh@pw.live,IB,9/9/2026,9/7/2026,12:48:00 AM,12:00:00 AM,Fatal,1186074076,Blank Call,Blank call and talking with voice mail and stretching it to 48 mins,https://drive.google.com/file/d/1meF5wqgXaJBGqk88uJsq2zihVPrex2Mi/view?usp=sharing,09-09-2026,September
9/12/2026 16:01:09,mariya.parween@pw.live,mariya.parween@pw.live,shahla.nigar@pw.live,pravin.yadav@pw.live,IB,9/12/2026,9/10/2026,12:42:00 AM,12:42:00 AM,Fatal,253059635,Others,"The student inquired about the Dropper NEET fee installment options. The AC provided incorrect information, stating that the fee could be paid in 4–5 installments. However, the fee for the one-year course is not payable in 4–5 installments.",https://mail.google.com/mail/u/0/#sent/QgrcJHrtxBMqFFqbHBvbCNStRQNTBlfmGvv?projector=1&messagePartId=0.1,12/09/2026,September
9/14/2026 13:44:49,anjali.rathore2@pw.live,anjali.rathore2@pw.live,jahirul.mondal@pw.live,mohit.kumar3@pw.live,DW,9/14/2026,9/13/2026,7:00:00 AM,1:02:00 AM,Warning,42730394,Others,call was disconnected by counsellor,https://in21.leadsquared.com/LeadManagement/LeadDetails?LeadID=e034f4ab-148b-49b5-95e9-c74e46dfa27e,14th sept,September
9/17/2026 11:02:28,anjali.rathore2@pw.live,anjali.rathore2@pw.live,rajinder.kaur@pw.live,mohit.kumar3@pw.live,DW,9/17/2026,9/16/2026,10:00:00 AM,12:07:00 AM,Warning,"46704664, 46781519",Others,call was disconnected by counsellor and no call back was made,https://in21.leadsquared.com/LeadManagement/LeadDetails?LeadID=a9a475a9-848a-4c10-ad05-68b4e8061f09,17th sept,September
9/17/2026 23:04:46,devashree.bartaria@pw.live,devashree.bartaria@pw.live,Umesh.chandra1@pw.live,aman.chopra@pw.live,OB,9/16/2026,9/15/2026,9:00:00 AM,12:30:00 AM,Fatal,409361157,Others,"During the interaction, the counselor pitched the Marks Improvement Program (MIP) to a Hindi medium student for the Gwalior Vidyapeeth center. Please note that we do not offer the MIP  in Hindi medium for Gwalior Vidyapeeth, which constitutes a critical miscommunication of our product deliverables.",https://in21.leadsquared.com/OpportunityManagement/OpportunityDetails?opportunityId=972660f2-ec6a-4696-ace9-bdeb562ef1bb&opportunityEvent=12000,18 sept 2026,September
9/17/2026 23:06:41,devashree.bartaria@pw.live,devashree.bartaria@pw.live,raj.singh2@pw.live,aman.chopra@pw.live,OB,9/17/2026,9/15/2026,12:00:00 AM,12:41:00 AM,Fatal,16253359,Others,"During the interaction, the counselor pitched the Marks Improvement Program (MIP) to a Hindi medium student for the Bareilly Vidyapeeth center. Please note that we do not offer the MIP  in Hindi medium for  Bareilly  Vidyapeeth, which constitutes a critical miscommunication of our product deliverables.", https://in21.leadsquared.com/OpportunityManagement/OpportunityDetails?opportunityId=cec2dd37-a443-427e-bd4d-0600c8137eda&opportunityEvent=12000,18 sept 2026,September
9/26/2026 16:12:33,devashree.bartaria@pw.live,devashree.bartaria@pw.live,laishram.singha@pw.live,aman.chopra@pw.live,OB,9/23/2026,9/21/2026,12:00:00 AM,12:15:00 AM,Fatal,1046738840,Others,"During the interaction, the counselor pitched the Marks Improvement Program (MIP) to a Hindi medium student for the Dehradun Vidyapeeth center. Please note that we do not offer the MIP  in Hindi medium for   Dehradun  Vidyapeeth, which constitutes a critical miscommunication of our product deliverables.",https://in21.leadsquared.com/OpportunityManagement/OpportunityDetails?opportunityId=00670557-3f9f-4b7c-8d68-5e807657f7d3&opportunityEvent=12000,24 SEPT 2026,September
9/29/2026 15:04:13,shivani.anand@pw.live,shivani.anand@pw.live ,rohit.pandey3@pw.live,vijay.rana@pw.live,Super Pod,9/29/2026,9/28/2026,10:00:00 AM,12:02:00 AM,Fatal,https://in21.leadsquared.com/LeadManagement/LeadDetails?LeadID=f8690413-f0c8-4ba6-bf1d-751732f1e7fd /https://in21.leadsquared.com/LeadManagement/LeadDetails?LeadID=7394a542-bf09-45f8-9df0-28083ef1d011,Others,multiple cases of lead wastage ,https://in21.leadsquared.com/LeadManagement/LeadDetails?LeadID=f8690413-f0c8-4ba6-bf1d-751732f1e7fd,29/09/2026,September
10/1/2026 15:10:04,abhinav.rai1@pw.live,abhinav.rai1@pw.live,alisha.khan2@pw.live,salman.hakak@pw.live,OB PS,9/9/2026,9/8/2026,6:00:00 AM,12:07:00 AM,Fatal,https://in21.leadsquared.com/OpportunityManagement/OpportunityDetails?opportunityId=57b8005d-915e-4dda-a500-321430539d01&opportunityEvent=12003,Center Availability,"At 4:30 into the call, confusion arose regarding the Aurangabad Centre, as you incorrectly stated that the centre was in Jharkhand Aurangabad and not Bihar Aurangabad. Since both refer to the same Aurangabad Centre, you provided incorrect information, which created unnecessary confusion and resulted in the lead being wasted.",https://drive.google.com/file/d/1zM-1IXPMlmemhAZQx3bWunAuJ5R-bvVH/view?usp=sharing,"Sep 12, 2026",